全国地方公共団体コード	路線ID	路線名	バス停ID	バス停名	便名	行先	発車予定時刻	運行情報	備考	
23204	SMHU00	下半田川線（上り）	SMHU01	妻之神	１便	下半田川町民会館	7:40			SMHU00
23204	SMHU00	下半田川線（上り）	SMHU01	妻之神	２便	下半田川町民会館	9:04			
23204	SMHU00	下半田川線（上り）	SMHU01	妻之神	３便	下半田川町民会館	10:40			
23204	SMHU00	下半田川線（上り）	SMHU01	妻之神	４便	下半田川町民会館	12:18			
23204	SMHU00	下半田川線（上り）	SMHU01	妻之神	５便	下半田川町民会館	14:40			
23204	SMHU00	下半田川線（上り）	SMHU01	妻之神	６便	下半田川町民会館	16:05			
23204	SMHU00	下半田川線（上り）	SMHU02	下半田川町民会館	１便	下半田川町	7:40			
23204	SMHU00	下半田川線（上り）	SMHU02	下半田川町民会館	２便	下半田川町	9:04			
23204	SMHU00	下半田川線（上り）	SMHU02	下半田川町民会館	３便	下半田川町	10:40			
23204	SMHU00	下半田川線（上り）	SMHU02	下半田川町民会館	４便	下半田川町	12:18			
23204	SMHU00	下半田川線（上り）	SMHU02	下半田川町民会館	５便	下半田川町	14:40			
23204	SMHU00	下半田川線（上り）	SMHU02	下半田川町民会館	６便	下半田川町	16:05			
23204	SMHU00	下半田川線（上り）	SMHU03	下半田川町	１便	掛川小学校	7:41			
23204	SMHU00	下半田川線（上り）	SMHU03	下半田川町	２便	掛川小学校	9:05			
23204	SMHU00	下半田川線（上り）	SMHU03	下半田川町	３便	掛川小学校	10:41			
23204	SMHU00	下半田川線（上り）	SMHU03	下半田川町	４便	掛川小学校	12:19			
23204	SMHU00	下半田川線（上り）	SMHU03	下半田川町	５便	掛川小学校	14:41			
23204	SMHU00	下半田川線（上り）	SMHU03	下半田川町	６便	掛川小学校	16:06			
23204	SMHU00	下半田川線（上り）	SMHU04	掛川小学校	１便	定光寺町東	7:42			
23204	SMHU00	下半田川線（上り）	SMHU04	掛川小学校	２便	定光寺町東	9:06			
23204	SMHU00	下半田川線（上り）	SMHU04	掛川小学校	３便	定光寺町東	10:42			
23204	SMHU00	下半田川線（上り）	SMHU04	掛川小学校	４便	定光寺町東	12:20			
23204	SMHU00	下半田川線（上り）	SMHU04	掛川小学校	５便	定光寺町東	14:42			
23204	SMHU00	下半田川線（上り）	SMHU04	掛川小学校	６便	定光寺町東	16:07			
23204	SMHU00	下半田川線（上り）	SMHU05	定光寺町東	１便	定光寺町民会館	7:43			
23204	SMHU00	下半田川線（上り）	SMHU05	定光寺町東	２便	定光寺町民会館	9:07			
23204	SMHU00	下半田川線（上り）	SMHU05	定光寺町東	３便	定光寺町民会館	10:43			
23204	SMHU00	下半田川線（上り）	SMHU05	定光寺町東	４便	定光寺町民会館	12:21			
23204	SMHU00	下半田川線（上り）	SMHU05	定光寺町東	５便	定光寺町民会館	14:43			
23204	SMHU00	下半田川線（上り）	SMHU05	定光寺町東	６便	定光寺町民会館	16:08			
23204	SMHU00	下半田川線（上り）	SMHU06	定光寺町民会館	１便	定光寺公園	7:44			
23204	SMHU00	下半田川線（上り）	SMHU06	定光寺町民会館	２便	定光寺公園	9:08			
23204	SMHU00	下半田川線（上り）	SMHU06	定光寺町民会館	３便	定光寺公園	10:44			
23204	SMHU00	下半田川線（上り）	SMHU06	定光寺町民会館	４便	定光寺公園	12:22			
23204	SMHU00	下半田川線（上り）	SMHU06	定光寺町民会館	５便	定光寺公園	14:44			
23204	SMHU00	下半田川線（上り）	SMHU06	定光寺町民会館	６便	定光寺公園	16:09			
23204	SMHU00	下半田川線（上り）	SMHU07	定光寺公園	１便	定光寺駅	7:46			
23204	SMHU00	下半田川線（上り）	SMHU07	定光寺公園	２便	定光寺駅	9:10			
23204	SMHU00	下半田川線（上り）	SMHU07	定光寺公園	３便	定光寺駅	10:46			
23204	SMHU00	下半田川線（上り）	SMHU07	定光寺公園	４便	定光寺駅	12:24			
23204	SMHU00	下半田川線（上り）	SMHU07	定光寺公園	５便	定光寺駅	14:46			
23204	SMHU00	下半田川線（上り）	SMHU07	定光寺公園	６便	定光寺駅	16:11			
23204	SMHU00	下半田川線（上り）	SMHU08	定光寺駅	１便	川平町	7:49			
23204	SMHU00	下半田川線（上り）	SMHU08	定光寺駅	２便	川平町	9:13			
23204	SMHU00	下半田川線（上り）	SMHU08	定光寺駅	３便	川平町	10:49			
23204	SMHU00	下半田川線（上り）	SMHU08	定光寺駅	４便	川平町	12:27			
23204	SMHU00	下半田川線（上り）	SMHU08	定光寺駅	５便	川平町	14:49			
23204	SMHU00	下半田川線（上り）	SMHU08	定光寺駅	６便	川平町	16:14			
23204	SMHU00	下半田川線（上り）	SMHU09	川平町	１便	鹿乗町民会館	7:51			
23204	SMHU00	下半田川線（上り）	SMHU09	川平町	２便	鹿乗町民会館	9:15			
23204	SMHU00	下半田川線（上り）	SMHU09	川平町	３便	鹿乗町民会館	10:51			
23204	SMHU00	下半田川線（上り）	SMHU09	川平町	４便	鹿乗町民会館	12:29			
23204	SMHU00	下半田川線（上り）	SMHU09	川平町	５便	鹿乗町民会館	14:51			
23204	SMHU00	下半田川線（上り）	SMHU09	川平町	６便	鹿乗町民会館	16:16			
23204	SMHU00	下半田川線（上り）	SMHU10	鹿乗町民会館	１便	鹿乗町	7:54			
23204	SMHU00	下半田川線（上り）	SMHU10	鹿乗町民会館	２便	鹿乗町	9:18			
23204	SMHU00	下半田川線（上り）	SMHU10	鹿乗町民会館	３便	鹿乗町	10:54			
23204	SMHU00	下半田川線（上り）	SMHU10	鹿乗町民会館	４便	鹿乗町	12:32			
23204	SMHU00	下半田川線（上り）	SMHU10	鹿乗町民会館	５便	鹿乗町	14:54			
23204	SMHU00	下半田川線（上り）	SMHU10	鹿乗町民会館	６便	鹿乗町	16:19			
23204	SMHU00	下半田川線（上り）	SMHU11	鹿乗町	１便	鹿乗町東	7:56			
23204	SMHU00	下半田川線（上り）	SMHU11	鹿乗町	２便	鹿乗町東	9:20			
23204	SMHU00	下半田川線（上り）	SMHU11	鹿乗町	３便	鹿乗町東	10:56			
23204	SMHU00	下半田川線（上り）	SMHU11	鹿乗町	４便	鹿乗町東	12:34			
23204	SMHU00	下半田川線（上り）	SMHU11	鹿乗町	５便	鹿乗町東	14:56			
23204	SMHU00	下半田川線（上り）	SMHU11	鹿乗町	６便	鹿乗町東	16:21			
23204	SMHU00	下半田川線（上り）	SMHU12	鹿乗町東	１便	十軒家	7:57			
23204	SMHU00	下半田川線（上り）	SMHU12	鹿乗町東	２便	十軒家	9:21			
23204	SMHU00	下半田川線（上り）	SMHU12	鹿乗町東	３便	十軒家	10:57			
23204	SMHU00	下半田川線（上り）	SMHU12	鹿乗町東	４便	十軒家	12:35			
23204	SMHU00	下半田川線（上り）	SMHU12	鹿乗町東	５便	十軒家	14:57			
23204	SMHU00	下半田川線（上り）	SMHU12	鹿乗町東	６便	十軒家	16:22			
23204	SMHU00	下半田川線（上り）	SMHU13	十軒家	１便	中水野駅	7:59			
23204	SMHU00	下半田川線（上り）	SMHU13	十軒家	２便	中水野駅	9:23			
23204	SMHU00	下半田川線（上り）	SMHU13	十軒家	３便	中水野駅	10:59			
23204	SMHU00	下半田川線（上り）	SMHU13	十軒家	４便	中水野駅	12:37			
23204	SMHU00	下半田川線（上り）	SMHU13	十軒家	５便	中水野駅	14:59			
23204	SMHU00	下半田川線（上り）	SMHU13	十軒家	６便	中水野駅	16:24			
23204	SMHU00	下半田川線（上り）	SMHU14	中水野駅	１便	ゆりの台	8:02			
23204	SMHU00	下半田川線（上り）	SMHU14	中水野駅	２便	水野中橋	9:26			
23204	SMHU00	下半田川線（上り）	SMHU14	中水野駅	３便	水野中橋	11:02			
23204	SMHU00	下半田川線（上り）	SMHU14	中水野駅	４便	本郷町	12:40			
23204	SMHU00	下半田川線（上り）	SMHU14	中水野駅	５便	本郷町	15:02			
23204	SMHU00	下半田川線（上り）	SMHU14	中水野駅	６便	本郷町	16:27			
23204	SMHU00	下半田川線（上り）	SMHU15	水野中橋	２便	三社大明神	9:28			
23204	SMHU00	下半田川線（上り）	SMHU15	水野中橋	３便	三社大明神	11:04			
23204	SMHU00	下半田川線（上り）	SMHU16	三社大明神	２便	水野支所	9:29			
23204	SMHU00	下半田川線（上り）	SMHU16	三社大明神	３便	水野支所	11:05			
23204	SMHU00	下半田川線（上り）	SMHU17	水野支所	２便	本郷町	9:31			
23204	SMHU00	下半田川線（上り）	SMHU17	水野支所	３便	本郷町	11:07			
23204	SMHU00	下半田川線（上り）	SMHU18	本郷町	２便	イオン瀬戸みずの店	9:32			
23204	SMHU00	下半田川線（上り）	SMHU18	本郷町	３便	イオン瀬戸みずの店	11:08			
23204	SMHU00	下半田川線（上り）	SMHU18	本郷町	４便	イオン瀬戸みずの店	12:41			
23204	SMHU00	下半田川線（上り）	SMHU18	本郷町	５便	イオン瀬戸みずの店	15:03			
23204	SMHU00	下半田川線（上り）	SMHU18	本郷町	６便	イオン瀬戸みずの店	16:28			
23204	SMHU00	下半田川線（上り）	SMHU20	ゆりの台	１便	小田妻	8:04			
23204	SMHU00	下半田川線（上り）	SMHU21	小田妻	１便	北松山町	8:05			
23204	SMHU00	下半田川線（上り）	SMHU22	北松山町	１便	新瀬戸駅	8:07			
23204	SMHU00	下半田川線（上り）	SMHU23	新瀬戸駅	１便	陶生病院	8:10			
23204	SMHD00	下半田川線（下り）	SMHD01	陶生病院	１便	新瀬戸駅	8:25			SMHD00
23204	SMHD00	下半田川線（下り）	SMHD01	陶生病院	４便	新瀬戸駅	13:45			
23204	SMHD00	下半田川線（下り）	SMHD02	新瀬戸駅	１便	北松山町	8:28			
23204	SMHD00	下半田川線（下り）	SMHD02	新瀬戸駅	４便	北松山町	13:48			
23204	SMHD00	下半田川線（下り）	SMHD03	北松山町	１便	小田妻	8:31			
23204	SMHD00	下半田川線（下り）	SMHD03	北松山町	４便	小田妻	13:51			
23204	SMHD00	下半田川線（下り）	SMHD04	小田妻	１便	ゆりの台	8:33			
23204	SMHD00	下半田川線（下り）	SMHD04	小田妻	４便	ゆりの台	13:53			
23204	SMHD00	下半田川線（下り）	SMHD05	ゆりの台	１便	中水野駅	8:34			
23204	SMHD00	下半田川線（下り）	SMHD05	ゆりの台	４便	イオン瀬戸みずの店	13:54			
23204	SMHD00	下半田川線（下り）	SMHD06	イオン瀬戸みずの店	２便	本郷町	9:55			
23204	SMHD00	下半田川線（下り）	SMHD06	イオン瀬戸みずの店	３便	本郷町	11:40			
23204	SMHD00	下半田川線（下り）	SMHD06	イオン瀬戸みずの店	４便	本郷町	13:59			
23204	SMHD00	下半田川線（下り）	SMHD06	イオン瀬戸みずの店	５便	本郷町	15:25			
23204	SMHD00	下半田川線（下り）	SMHD06	イオン瀬戸みずの店	６便	本郷町	16:50			
23204	SMHD00	下半田川線（下り）	SMHD07	本郷町	２便	水野支所	9:58			
23204	SMHD00	下半田川線（下り）	SMHD07	本郷町	３便	水野支所	11:43			
23204	SMHD00	下半田川線（下り）	SMHD07	本郷町	４便	中水野駅	14:02			
23204	SMHD00	下半田川線（下り）	SMHD07	本郷町	５便	中水野駅	15:28			
23204	SMHD00	下半田川線（下り）	SMHD07	本郷町	６便	中水野駅	16:53			
23204	SMHD00	下半田川線（下り）	SMHD08	水野支所	２便	三社大明神	9:59			
23204	SMHD00	下半田川線（下り）	SMHD08	水野支所	３便	三社大明神	11:44			
23204	SMHD00	下半田川線（下り）	SMHD09	三社大明神	２便	水野中橋	10:01			
23204	SMHD00	下半田川線（下り）	SMHD09	三社大明神	３便	水野中橋	11:46			
23204	SMHD00	下半田川線（下り）	SMHD10	水野中橋	２便	中水野駅	10:02			
23204	SMHD00	下半田川線（下り）	SMHD10	水野中橋	３便	中水野駅	11:47			
23204	SMHD00	下半田川線（下り）	SMHD11	中水野駅	１便	十軒家	8:39			
23204	SMHD00	下半田川線（下り）	SMHD11	中水野駅	２便	十軒家	10:07			
23204	SMHD00	下半田川線（下り）	SMHD11	中水野駅	３便	十軒家	11:52			
23204	SMHD00	下半田川線（下り）	SMHD11	中水野駅	４便	十軒家	14:07			
23204	SMHD00	下半田川線（下り）	SMHD11	中水野駅	５便	十軒家	15:33			
23204	SMHD00	下半田川線（下り）	SMHD11	中水野駅	６便	十軒家	16:58			
23204	SMHD00	下半田川線（下り）	SMHD12	十軒家	１便	鹿乗町東	8:41			
23204	SMHD00	下半田川線（下り）	SMHD12	十軒家	２便	鹿乗町東	10:09			
23204	SMHD00	下半田川線（下り）	SMHD12	十軒家	３便	鹿乗町東	11:54			
23204	SMHD00	下半田川線（下り）	SMHD12	十軒家	４便	鹿乗町東	14:09			
23204	SMHD00	下半田川線（下り）	SMHD12	十軒家	５便	鹿乗町東	15:35			
23204	SMHD00	下半田川線（下り）	SMHD12	十軒家	６便	鹿乗町東	17:00			
23204	SMHD00	下半田川線（下り）	SMHD13	鹿乗町東	１便	鹿乗町	8:44			
23204	SMHD00	下半田川線（下り）	SMHD13	鹿乗町東	２便	鹿乗町	10:12			
23204	SMHD00	下半田川線（下り）	SMHD13	鹿乗町東	３便	鹿乗町	11:57			
23204	SMHD00	下半田川線（下り）	SMHD13	鹿乗町東	４便	鹿乗町	14:12			
23204	SMHD00	下半田川線（下り）	SMHD13	鹿乗町東	５便	鹿乗町	15:38			
23204	SMHD00	下半田川線（下り）	SMHD13	鹿乗町東	６便	鹿乗町	17:03			
23204	SMHD00	下半田川線（下り）	SMHD14	鹿乗町	１便	鹿乗町民会館	8:45			
23204	SMHD00	下半田川線（下り）	SMHD14	鹿乗町	２便	鹿乗町民会館	10:13			
23204	SMHD00	下半田川線（下り）	SMHD14	鹿乗町	３便	鹿乗町民会館	11:58			
23204	SMHD00	下半田川線（下り）	SMHD14	鹿乗町	４便	鹿乗町民会館	14:13			
23204	SMHD00	下半田川線（下り）	SMHD14	鹿乗町	５便	鹿乗町民会館	15:39			
23204	SMHD00	下半田川線（下り）	SMHD14	鹿乗町	６便	鹿乗町民会館	17:04			
23204	SMHD00	下半田川線（下り）	SMHD15	鹿乗町民会館	１便	川平町	8:47			
23204	SMHD00	下半田川線（下り）	SMHD15	鹿乗町民会館	２便	川平町	10:15			
23204	SMHD00	下半田川線（下り）	SMHD15	鹿乗町民会館	３便	川平町	12:00			
23204	SMHD00	下半田川線（下り）	SMHD15	鹿乗町民会館	４便	川平町	14:15			
23204	SMHD00	下半田川線（下り）	SMHD15	鹿乗町民会館	５便	川平町	15:41			
23204	SMHD00	下半田川線（下り）	SMHD15	鹿乗町民会館	６便	川平町	17:06			
23204	SMHD00	下半田川線（下り）	SMHD16	川平町	１便	定光寺駅	8:50			
23204	SMHD00	下半田川線（下り）	SMHD16	川平町	２便	定光寺駅	10:18			
23204	SMHD00	下半田川線（下り）	SMHD16	川平町	３便	定光寺駅	12:03			
23204	SMHD00	下半田川線（下り）	SMHD16	川平町	４便	定光寺駅	14:18			
23204	SMHD00	下半田川線（下り）	SMHD16	川平町	５便	定光寺駅	15:44			
23204	SMHD00	下半田川線（下り）	SMHD16	川平町	６便	定光寺駅	17:09			
23204	SMHD00	下半田川線（下り）	SMHD17	定光寺駅	１便	定光寺公園	8:52			
23204	SMHD00	下半田川線（下り）	SMHD17	定光寺駅	２便	定光寺公園	10:20			
23204	SMHD00	下半田川線（下り）	SMHD17	定光寺駅	３便	定光寺公園	12:05			
23204	SMHD00	下半田川線（下り）	SMHD17	定光寺駅	４便	定光寺公園	14:20			
23204	SMHD00	下半田川線（下り）	SMHD17	定光寺駅	５便	定光寺公園	15:46			
23204	SMHD00	下半田川線（下り）	SMHD17	定光寺駅	６便	定光寺公園	17:11			
23204	SMHD00	下半田川線（下り）	SMHD18	定光寺公園	１便	定光寺町民会館	8:55			
23204	SMHD00	下半田川線（下り）	SMHD18	定光寺公園	２便	定光寺町民会館	10:23			
23204	SMHD00	下半田川線（下り）	SMHD18	定光寺公園	３便	定光寺町民会館	12:08			
23204	SMHD00	下半田川線（下り）	SMHD18	定光寺公園	４便	定光寺町民会館	14:23			
23204	SMHD00	下半田川線（下り）	SMHD18	定光寺公園	５便	定光寺町民会館	15:49			
23204	SMHD00	下半田川線（下り）	SMHD18	定光寺公園	６便	定光寺町民会館	17:14			
23204	SMHD00	下半田川線（下り）	SMHD19	定光寺町民会館	１便	定光寺町東	8:56			
23204	SMHD00	下半田川線（下り）	SMHD19	定光寺町民会館	２便	定光寺町東	10:24			
23204	SMHD00	下半田川線（下り）	SMHD19	定光寺町民会館	３便	定光寺町東	12:09			
23204	SMHD00	下半田川線（下り）	SMHD19	定光寺町民会館	４便	定光寺町東	14:24			
23204	SMHD00	下半田川線（下り）	SMHD19	定光寺町民会館	５便	定光寺町東	15:50			
23204	SMHD00	下半田川線（下り）	SMHD19	定光寺町民会館	６便	定光寺町東	17:15			
23204	SMHD00	下半田川線（下り）	SMHD20	定光寺町東	１便	掛川小学校	8:57			
23204	SMHD00	下半田川線（下り）	SMHD20	定光寺町東	２便	掛川小学校	10:25			
23204	SMHD00	下半田川線（下り）	SMHD20	定光寺町東	３便	掛川小学校	12:10			
23204	SMHD00	下半田川線（下り）	SMHD20	定光寺町東	４便	掛川小学校	14:25			
23204	SMHD00	下半田川線（下り）	SMHD20	定光寺町東	５便	掛川小学校	15:51			
23204	SMHD00	下半田川線（下り）	SMHD20	定光寺町東	６便	掛川小学校	17:16			
23204	SMHD00	下半田川線（下り）	SMHD21	掛川小学校	１便	下半田川町	8:58			
23204	SMHD00	下半田川線（下り）	SMHD21	掛川小学校	２便	下半田川町	10:26			
23204	SMHD00	下半田川線（下り）	SMHD21	掛川小学校	３便	下半田川町	12:11			
23204	SMHD00	下半田川線（下り）	SMHD21	掛川小学校	４便	下半田川町	14:26			
23204	SMHD00	下半田川線（下り）	SMHD21	掛川小学校	５便	下半田川町	15:52			
23204	SMHD00	下半田川線（下り）	SMHD21	掛川小学校	６便	下半田川町	17:17			
23204	SMHD00	下半田川線（下り）	SMHD22	下半田川町	１便	下半田川町民会館	8:59			
23204	SMHD00	下半田川線（下り）	SMHD22	下半田川町	２便	下半田川町民会館	10:27			
23204	SMHD00	下半田川線（下り）	SMHD22	下半田川町	３便	下半田川町民会館	12:12			
23204	SMHD00	下半田川線（下り）	SMHD22	下半田川町	４便	下半田川町民会館	14:27			
23204	SMHD00	下半田川線（下り）	SMHD22	下半田川町	５便	下半田川町民会館	15:53			
23204	SMHD00	下半田川線（下り）	SMHD22	下半田川町	６便	下半田川町民会館	17:18			
23204	SMHD00	下半田川線（下り）	SMHD23	下半田川町民会館	１便	妻之神	8:59			
23204	SMHD00	下半田川線（下り）	SMHD23	下半田川町民会館	２便	妻之神	10:27			
23204	SMHD00	下半田川線（下り）	SMHD23	下半田川町民会館	３便	妻之神	12:12			
23204	SMHD00	下半田川線（下り）	SMHD23	下半田川町民会館	４便	妻之神	14:27			
23204	SMHD00	下半田川線（下り）	SMHD23	下半田川町民会館	５便	妻之神	15:53			
23204	SMHD00	下半田川線（下り）	SMHD23	下半田川町民会館	６便	妻之神	17:18			
23204	SNOU00	曽野線（上り）	SNOU01	しなのバスセンター	１便	下品野小学校	7:40			SNOU00
23204	SNOU00	曽野線（上り）	SNOU01	しなのバスセンター	２便	下品野小学校	9:00			
23204	SNOU00	曽野線（上り）	SNOU01	しなのバスセンター	３便	下品野小学校	10:08			
23204	SNOU00	曽野線（上り）	SNOU01	しなのバスセンター	４便	下品野小学校	11:16			
23204	SNOU00	曽野線（上り）	SNOU01	しなのバスセンター	５便	下品野小学校	12:19			
23204	SNOU00	曽野線（上り）	SNOU01	しなのバスセンター	６便	下品野小学校	14:56			
23204	SNOU00	曽野線（上り）	SNOU01	しなのバスセンター	７便	下品野小学校	16:04			
23204	SNOU00	曽野線（上り）	SNOU02	下品野小学校	１便	品野町６丁目	7:41			
23204	SNOU00	曽野線（上り）	SNOU02	下品野小学校	２便	品野町６丁目	9:01			
23204	SNOU00	曽野線（上り）	SNOU02	下品野小学校	３便	品野町６丁目	10:09			
23204	SNOU00	曽野線（上り）	SNOU02	下品野小学校	４便	品野町６丁目	11:17			
23204	SNOU00	曽野線（上り）	SNOU02	下品野小学校	５便	品野町６丁目	12:20			
23204	SNOU00	曽野線（上り）	SNOU02	下品野小学校	６便	品野町６丁目	14:57			
23204	SNOU00	曽野線（上り）	SNOU02	下品野小学校	７便	品野町６丁目	16:05			
23204	SNOU00	曽野線（上り）	SNOU03	品野町６丁目	１便	北グラウンド	7:42			
23204	SNOU00	曽野線（上り）	SNOU03	品野町６丁目	２便	北グラウンド	9:02			
23204	SNOU00	曽野線（上り）	SNOU03	品野町６丁目	３便	北グラウンド	10:10			
23204	SNOU00	曽野線（上り）	SNOU03	品野町６丁目	４便	北グラウンド	11:18			
23204	SNOU00	曽野線（上り）	SNOU03	品野町６丁目	５便	北グラウンド	12:21			
23204	SNOU00	曽野線（上り）	SNOU03	品野町６丁目	６便	北グラウンド	14:58			
23204	SNOU00	曽野線（上り）	SNOU03	品野町６丁目	７便	北グラウンド	16:06			
23204	SNOU00	曽野線（上り）	SNOU04	北グラウンド	１便	東曽野農業倉庫	7:43			
23204	SNOU00	曽野線（上り）	SNOU04	北グラウンド	２便	曽野稲荷前	9:03			
23204	SNOU00	曽野線（上り）	SNOU04	北グラウンド	３便	曽野稲荷前	10:11			
23204	SNOU00	曽野線（上り）	SNOU04	北グラウンド	４便	曽野稲荷前	11:19			
23204	SNOU00	曽野線（上り）	SNOU04	北グラウンド	５便	曽野稲荷前	12:22			
23204	SNOU00	曽野線（上り）	SNOU04	北グラウンド	６便	曽野稲荷前	14:59			
23204	SNOU00	曽野線（上り）	SNOU04	北グラウンド	７便	曽野稲荷前	16:07			
23204	SNOU00	曽野線（上り）	SNOU05	東曽野農業倉庫	１便	曽野稲荷前	7:47			
23204	SNOU00	曽野線（上り）	SNOU06	曽野稲荷前	１便	曽野	7:49			
23204	SNOU00	曽野線（上り）	SNOU06	曽野稲荷前	２便	曽野	9:06			
23204	SNOU00	曽野線（上り）	SNOU06	曽野稲荷前	３便	曽野	10:14			
23204	SNOU00	曽野線（上り）	SNOU06	曽野稲荷前	４便	曽野	11:22			
23204	SNOU00	曽野線（上り）	SNOU06	曽野稲荷前	５便	曽野	12:25			
23204	SNOU00	曽野線（上り）	SNOU06	曽野稲荷前	６便	曽野	15:02			
23204	SNOU00	曽野線（上り）	SNOU06	曽野稲荷前	７便	曽野	16:10			
23204	SNOU00	曽野線（上り）	SNOU07	曽野	１便	曽野橋	7:50			
23204	SNOU00	曽野線（上り）	SNOU07	曽野	２便	曽野橋	9:07			
23204	SNOU00	曽野線（上り）	SNOU07	曽野	３便	曽野橋	10:15			
23204	SNOU00	曽野線（上り）	SNOU07	曽野	４便	曽野橋	11:23			
23204	SNOU00	曽野線（上り）	SNOU07	曽野	５便	曽野橋	12:26			
23204	SNOU00	曽野線（上り）	SNOU07	曽野	６便	曽野橋	15:03			
23204	SNOU00	曽野線（上り）	SNOU07	曽野	７便	曽野橋	16:11			
23204	SNOU00	曽野線（上り）	SNOU08	曽野橋	１便	曽野口	7:51			
23204	SNOU00	曽野線（上り）	SNOU08	曽野橋	２便	曽野口	9:08			
23204	SNOU00	曽野線（上り）	SNOU08	曽野橋	３便	曽野口	10:16			
23204	SNOU00	曽野線（上り）	SNOU08	曽野橋	４便	曽野口	11:24			
23204	SNOU00	曽野線（上り）	SNOU08	曽野橋	５便	曽野口	12:27			
23204	SNOU00	曽野線（上り）	SNOU08	曽野橋	６便	曽野口	15:04			
23204	SNOU00	曽野線（上り）	SNOU08	曽野橋	７便	曽野口	16:12			
23204	SNOU00	曽野線（上り）	SNOU09	曽野口	１便	北脇	7:52			
23204	SNOU00	曽野線（上り）	SNOU09	曽野口	２便	北脇	9:09			
23204	SNOU00	曽野線（上り）	SNOU09	曽野口	３便	北脇	10:17			
23204	SNOU00	曽野線（上り）	SNOU09	曽野口	４便	北脇	11:25			
23204	SNOU00	曽野線（上り）	SNOU09	曽野口	５便	北脇	12:28			
23204	SNOU00	曽野線（上り）	SNOU09	曽野口	６便	北脇	15:05			
23204	SNOU00	曽野線（上り）	SNOU09	曽野口	７便	北脇	16:13			
23204	SNOU00	曽野線（上り）	SNOU10	北脇	１便	山畑	7:53			
23204	SNOU00	曽野線（上り）	SNOU10	北脇	２便	山畑	9:10			
23204	SNOU00	曽野線（上り）	SNOU10	北脇	３便	山畑	10:18			
23204	SNOU00	曽野線（上り）	SNOU10	北脇	４便	山畑	11:26			
23204	SNOU00	曽野線（上り）	SNOU10	北脇	５便	山畑	12:29			
23204	SNOU00	曽野線（上り）	SNOU10	北脇	６便	山畑	15:06			
23204	SNOU00	曽野線（上り）	SNOU10	北脇	７便	山畑	16:14			
23204	SNOU00	曽野線（上り）	SNOU11	山畑	１便	水野支所	7:55			
23204	SNOU00	曽野線（上り）	SNOU11	山畑	２便	水野支所	9:12			
23204	SNOU00	曽野線（上り）	SNOU11	山畑	３便	水野支所	10:20			
23204	SNOU00	曽野線（上り）	SNOU11	山畑	４便	水野支所	11:28			
23204	SNOU00	曽野線（上り）	SNOU11	山畑	５便	水野支所	12:31			
23204	SNOU00	曽野線（上り）	SNOU11	山畑	６便	水野支所	15:08			
23204	SNOU00	曽野線（上り）	SNOU11	山畑	７便	水野支所	16:16			
23204	SNOU00	曽野線（上り）	SNOU12	水野支所	１便	三社大明神	7:57			
23204	SNOU00	曽野線（上り）	SNOU12	水野支所	２便	三社大明神	9:14			
23204	SNOU00	曽野線（上り）	SNOU12	水野支所	３便	三社大明神	10:22			
23204	SNOU00	曽野線（上り）	SNOU12	水野支所	４便	三社大明神	11:30			
23204	SNOU00	曽野線（上り）	SNOU12	水野支所	５便	三社大明神	12:33			
23204	SNOU00	曽野線（上り）	SNOU12	水野支所	６便	三社大明神	15:10			
23204	SNOU00	曽野線（上り）	SNOU12	水野支所	７便	三社大明神	16:18			
23204	SNOU00	曽野線（上り）	SNOU13	三社大明神	１便	水野中橋	7:58			
23204	SNOU00	曽野線（上り）	SNOU13	三社大明神	２便	水野中橋	9:15			
23204	SNOU00	曽野線（上り）	SNOU13	三社大明神	３便	水野中橋	10:23			
23204	SNOU00	曽野線（上り）	SNOU13	三社大明神	４便	水野中橋	11:31			
23204	SNOU00	曽野線（上り）	SNOU13	三社大明神	５便	水野中橋	12:34			
23204	SNOU00	曽野線（上り）	SNOU13	三社大明神	６便	水野中橋	15:11			
23204	SNOU00	曽野線（上り）	SNOU13	三社大明神	７便	水野中橋	16:19			
23204	SNOU00	曽野線（上り）	SNOU14	水野中橋	１便	中水野駅	7:59			
23204	SNOU00	曽野線（上り）	SNOU14	水野中橋	２便	中水野駅	9:16			
23204	SNOU00	曽野線（上り）	SNOU14	水野中橋	３便	中水野駅	10:24			
23204	SNOU00	曽野線（上り）	SNOU14	水野中橋	４便	中水野駅	11:32			
23204	SNOU00	曽野線（上り）	SNOU14	水野中橋	５便	中水野駅	12:35			
23204	SNOU00	曽野線（上り）	SNOU14	水野中橋	６便	中水野駅	15:12			
23204	SNOU00	曽野線（上り）	SNOU14	水野中橋	７便	中水野駅	16:20			
23204	SNOU00	曽野線（上り）	SNOU15	中水野駅	１便	ゆりの台	8:02			
23204	SNOU00	曽野線（上り）	SNOU15	中水野駅	２便	本郷町	9:22			
23204	SNOU00	曽野線（上り）	SNOU15	中水野駅	３便	本郷町	10:27			
23204	SNOU00	曽野線（上り）	SNOU15	中水野駅	４便	本郷町	11:35			
23204	SNOU00	曽野線（上り）	SNOU15	中水野駅	５便	本郷町	12:38			
23204	SNOU00	曽野線（上り）	SNOU15	中水野駅	６便	本郷町	15:15			
23204	SNOU00	曽野線（上り）	SNOU15	中水野駅	７便	本郷町	16:23			
23204	SNOU00	曽野線（上り）	SNOU16	本郷町	２便	イオン瀬戸みずの店	9:23			
23204	SNOU00	曽野線（上り）	SNOU16	本郷町	３便	イオン瀬戸みずの店	10:28			
23204	SNOU00	曽野線（上り）	SNOU16	本郷町	４便	イオン瀬戸みずの店	11:36			
23204	SNOU00	曽野線（上り）	SNOU16	本郷町	５便	イオン瀬戸みずの店	12:39			
23204	SNOU00	曽野線（上り）	SNOU16	本郷町	６便	イオン瀬戸みずの店	15:16			
23204	SNOU00	曽野線（上り）	SNOU16	本郷町	７便	イオン瀬戸みずの店	16:24			
23204	SNOU00	曽野線（上り）	SNOU18	ゆりの台	１便	小田妻	8:04			
23204	SNOU00	曽野線（上り）	SNOU19	小田妻	１便	北松山町	8:05			
23204	SNOU00	曽野線（上り）	SNOU20	北松山町	１便	陶生病院	8:07			
23204	SNOU00	曽野線（上り）	SNOU21	陶生病院	１便	新瀬戸駅	8:10			
23204	SNOD00	曽野線（下り）	SNOD01	新瀬戸駅	１便	陶生病院	8:14			SNOD00
23204	SNOD00	曽野線（下り）	SNOD01	新瀬戸駅	５便	陶生病院	13:20			
23204	SNOD00	曽野線（下り）	SNOD02	陶生病院	１便	北松山町	8:17			
23204	SNOD00	曽野線（下り）	SNOD02	陶生病院	５便	北松山町	13:23			
23204	SNOD00	曽野線（下り）	SNOD03	北松山町	１便	小田妻	8:20			
23204	SNOD00	曽野線（下り）	SNOD03	北松山町	５便	小田妻	13:26			
23204	SNOD00	曽野線（下り）	SNOD04	小田妻	１便	ゆりの台	8:22			
23204	SNOD00	曽野線（下り）	SNOD04	小田妻	５便	ゆりの台	13:28			
23204	SNOD00	曽野線（下り）	SNOD05	ゆりの台	１便	中水野駅（到着）	8:23			
23204	SNOD00	曽野線（下り）	SNOD05	ゆりの台	５便	イオン瀬戸みずの店	13:29			
23204	SNOD00	曽野線（下り）	SNOD06	イオン瀬戸みずの店	２便	本郷町	9:32			
23204	SNOD00	曽野線（下り）	SNOD06	イオン瀬戸みずの店	３便	本郷町	10:37			
23204	SNOD00	曽野線（下り）	SNOD06	イオン瀬戸みずの店	４便	本郷町	11:45			
23204	SNOD00	曽野線（下り）	SNOD06	イオン瀬戸みずの店	５便	本郷町	13:34			
23204	SNOD00	曽野線（下り）	SNOD06	イオン瀬戸みずの店	６便	本郷町	15:25			
23204	SNOD00	曽野線（下り）	SNOD06	イオン瀬戸みずの店	７便	本郷町	16:33			
23204	SNOD00	曽野線（下り）	SNOD07	本郷町	２便	中水野駅	9:35			
23204	SNOD00	曽野線（下り）	SNOD07	本郷町	３便	中水野駅	10:40			
23204	SNOD00	曽野線（下り）	SNOD07	本郷町	４便	中水野駅	11:48			
23204	SNOD00	曽野線（下り）	SNOD07	本郷町	５便	中水野駅	13:37			
23204	SNOD00	曽野線（下り）	SNOD07	本郷町	６便	中水野駅	15:28			
23204	SNOD00	曽野線（下り）	SNOD07	本郷町	７便	中水野駅	16:36			
23204	SNOD00	曽野線（下り）	SNOD08	中水野駅	１便	水野中橋	8:28			
23204	SNOD00	曽野線（下り）	SNOD08	中水野駅	２便	水野中橋	9:37			
23204	SNOD00	曽野線（下り）	SNOD08	中水野駅	３便	水野中橋	10:42			
23204	SNOD00	曽野線（下り）	SNOD08	中水野駅	４便	水野中橋	11:50			
23204	SNOD00	曽野線（下り）	SNOD08	中水野駅	５便	水野中橋	13:44			
23204	SNOD00	曽野線（下り）	SNOD08	中水野駅	６便	水野中橋	15:30			
23204	SNOD00	曽野線（下り）	SNOD08	中水野駅	７便	水野中橋	16:38			
23204	SNOD00	曽野線（下り）	SNOD09	水野中橋	１便	三社大明神	8:30			
23204	SNOD00	曽野線（下り）	SNOD09	水野中橋	２便	三社大明神	9:39			
23204	SNOD00	曽野線（下り）	SNOD09	水野中橋	３便	三社大明神	10:44			
23204	SNOD00	曽野線（下り）	SNOD09	水野中橋	４便	三社大明神	11:52			
23204	SNOD00	曽野線（下り）	SNOD09	水野中橋	５便	三社大明神	13:46			
23204	SNOD00	曽野線（下り）	SNOD09	水野中橋	６便	三社大明神	15:32			
23204	SNOD00	曽野線（下り）	SNOD09	水野中橋	７便	三社大明神	16:40			
23204	SNOD00	曽野線（下り）	SNOD10	三社大明神	１便	水野支所	8:31			
23204	SNOD00	曽野線（下り）	SNOD10	三社大明神	２便	水野支所	9:40			
23204	SNOD00	曽野線（下り）	SNOD10	三社大明神	３便	水野支所	10:45			
23204	SNOD00	曽野線（下り）	SNOD10	三社大明神	４便	水野支所	11:53			
23204	SNOD00	曽野線（下り）	SNOD10	三社大明神	５便	水野支所	13:47			
23204	SNOD00	曽野線（下り）	SNOD10	三社大明神	６便	水野支所	15:33			
23204	SNOD00	曽野線（下り）	SNOD10	三社大明神	７便	水野支所	16:41			
23204	SNOD00	曽野線（下り）	SNOD11	水野支所	１便	山畑	8:33			
23204	SNOD00	曽野線（下り）	SNOD11	水野支所	２便	山畑	9:42			
23204	SNOD00	曽野線（下り）	SNOD11	水野支所	３便	山畑	10:47			
23204	SNOD00	曽野線（下り）	SNOD11	水野支所	４便	山畑	11:55			
23204	SNOD00	曽野線（下り）	SNOD11	水野支所	５便	山畑	13:49			
23204	SNOD00	曽野線（下り）	SNOD11	水野支所	６便	山畑	15:35			
23204	SNOD00	曽野線（下り）	SNOD11	水野支所	７便	山畑	16:43			
23204	SNOD00	曽野線（下り）	SNOD12	山畑	１便	北脇	8:35			
23204	SNOD00	曽野線（下り）	SNOD12	山畑	２便	北脇	9:44			
23204	SNOD00	曽野線（下り）	SNOD12	山畑	３便	北脇	10:49			
23204	SNOD00	曽野線（下り）	SNOD12	山畑	４便	北脇	11:57			
23204	SNOD00	曽野線（下り）	SNOD12	山畑	５便	北脇	13:51			
23204	SNOD00	曽野線（下り）	SNOD12	山畑	６便	北脇	15:37			
23204	SNOD00	曽野線（下り）	SNOD12	山畑	７便	北脇	16:45			
23204	SNOD00	曽野線（下り）	SNOD13	北脇	１便	曽野口	8:36			
23204	SNOD00	曽野線（下り）	SNOD13	北脇	２便	曽野口	9:45			
23204	SNOD00	曽野線（下り）	SNOD13	北脇	３便	曽野口	10:50			
23204	SNOD00	曽野線（下り）	SNOD13	北脇	４便	曽野口	11:58			
23204	SNOD00	曽野線（下り）	SNOD13	北脇	５便	曽野口	13:52			
23204	SNOD00	曽野線（下り）	SNOD13	北脇	６便	曽野口	15:38			
23204	SNOD00	曽野線（下り）	SNOD13	北脇	７便	曽野口	16:46			
23204	SNOD00	曽野線（下り）	SNOD14	曽野口	１便	曽野橋	8:38			
23204	SNOD00	曽野線（下り）	SNOD14	曽野口	２便	曽野橋	9:47			
23204	SNOD00	曽野線（下り）	SNOD14	曽野口	３便	曽野橋	10:52			
23204	SNOD00	曽野線（下り）	SNOD14	曽野口	４便	曽野橋	12:00			
23204	SNOD00	曽野線（下り）	SNOD14	曽野口	５便	曽野橋	13:54			
23204	SNOD00	曽野線（下り）	SNOD14	曽野口	６便	曽野橋	15:40			
23204	SNOD00	曽野線（下り）	SNOD14	曽野口	７便	曽野橋	16:48			
23204	SNOD00	曽野線（下り）	SNOD15	曽野橋	１便	曽野	8:39			
23204	SNOD00	曽野線（下り）	SNOD15	曽野橋	２便	曽野	9:48			
23204	SNOD00	曽野線（下り）	SNOD15	曽野橋	３便	曽野	10:53			
23204	SNOD00	曽野線（下り）	SNOD15	曽野橋	４便	曽野	12:01			
23204	SNOD00	曽野線（下り）	SNOD15	曽野橋	５便	曽野	13:55			
23204	SNOD00	曽野線（下り）	SNOD15	曽野橋	６便	曽野	15:41			
23204	SNOD00	曽野線（下り）	SNOD15	曽野橋	７便	曽野	16:49			
23204	SNOD00	曽野線（下り）	SNOD16	曽野	１便	曽野稲荷前	8:40			
23204	SNOD00	曽野線（下り）	SNOD16	曽野	２便	曽野稲荷前	9:49			
23204	SNOD00	曽野線（下り）	SNOD16	曽野	３便	曽野稲荷前	10:54			
23204	SNOD00	曽野線（下り）	SNOD16	曽野	４便	曽野稲荷前	12:02			
23204	SNOD00	曽野線（下り）	SNOD16	曽野	５便	曽野稲荷前	13:56			
23204	SNOD00	曽野線（下り）	SNOD16	曽野	６便	曽野稲荷前	15:42			
23204	SNOD00	曽野線（下り）	SNOD16	曽野	７便	曽野稲荷前	16:50			
23204	SNOD00	曽野線（下り）	SNOD17	曽野稲荷前	１便	北グラウンド	8:41			
23204	SNOD00	曽野線（下り）	SNOD17	曽野稲荷前	２便	北グラウンド	9:50			
23204	SNOD00	曽野線（下り）	SNOD17	曽野稲荷前	３便	北グラウンド	10:55			
23204	SNOD00	曽野線（下り）	SNOD17	曽野稲荷前	４便	北グラウンド	12:03			
23204	SNOD00	曽野線（下り）	SNOD17	曽野稲荷前	５便	東曽野農業倉庫	13:57			
23204	SNOD00	曽野線（下り）	SNOD17	曽野稲荷前	６便	北グラウンド	15:43			
23204	SNOD00	曽野線（下り）	SNOD17	曽野稲荷前	７便	北グラウンド	16:51			
23204	SNOD00	曽野線（下り）	SNOD18	東曽野農業倉庫	５便	北グラウンド	13:59			
23204	SNOD00	曽野線（下り）	SNOD19	北グラウンド	１便	品野町６丁目	8:44			
23204	SNOD00	曽野線（下り）	SNOD19	北グラウンド	２便	品野町６丁目	9:53			
23204	SNOD00	曽野線（下り）	SNOD19	北グラウンド	３便	品野町６丁目	10:58			
23204	SNOD00	曽野線（下り）	SNOD19	北グラウンド	４便	品野町６丁目	12:06			
23204	SNOD00	曽野線（下り）	SNOD19	北グラウンド	５便	品野町６丁目	14:03			
23204	SNOD00	曽野線（下り）	SNOD19	北グラウンド	６便	品野町６丁目	15:46			
23204	SNOD00	曽野線（下り）	SNOD19	北グラウンド	７便	品野町６丁目	16:54			
23204	SNOD00	曽野線（下り）	SNOD20	品野町６丁目	１便	下品野小学校	8:44			
23204	SNOD00	曽野線（下り）	SNOD20	品野町６丁目	２便	下品野小学校	9:53			
23204	SNOD00	曽野線（下り）	SNOD20	品野町６丁目	３便	下品野小学校	10:58			
23204	SNOD00	曽野線（下り）	SNOD20	品野町６丁目	４便	下品野小学校	12:06			
23204	SNOD00	曽野線（下り）	SNOD20	品野町６丁目	５便	下品野小学校	14:03			
23204	SNOD00	曽野線（下り）	SNOD20	品野町６丁目	６便	下品野小学校	15:46			
23204	SNOD00	曽野線（下り）	SNOD20	品野町６丁目	７便	下品野小学校	16:54			
23204	SNOD00	曽野線（下り）	SNOD21	下品野小学校	１便	しなのバスセンター	8:45			
23204	SNOD00	曽野線（下り）	SNOD21	下品野小学校	２便	しなのバスセンター	9:54			
23204	SNOD00	曽野線（下り）	SNOD21	下品野小学校	３便	しなのバスセンター	10:59			
23204	SNOD00	曽野線（下り）	SNOD21	下品野小学校	４便	しなのバスセンター	12:07			
23204	SNOD00	曽野線（下り）	SNOD21	下品野小学校	５便	しなのバスセンター	14:04			
23204	SNOD00	曽野線（下り）	SNOD21	下品野小学校	６便	しなのバスセンター	15:47			
23204	SNOD00	曽野線（下り）	SNOD21	下品野小学校	７便	しなのバスセンター	16:55			
23204	KKSU00	片草線（上り）	KKSU01	片草町民会館	１便	白岩町	7:30			KKSU00
23204	KKSU00	片草線（上り）	KKSU01	片草町民会館	２便	白岩町	9:35			
23204	KKSU00	片草線（上り）	KKSU01	片草町民会館	３便	白岩町	11:41			
23204	KKSU00	片草線（上り）	KKSU01	片草町民会館	４便	白岩町	14:16			
23204	KKSU00	片草線（上り）	KKSU01	片草町民会館	５便	白岩町	16:18			
23204	KKSU00	片草線（上り）	KKSU02	白岩町	１便	白岩口	7:32			
23204	KKSU00	片草線（上り）	KKSU02	白岩町	２便	白岩口	9:37			
23204	KKSU00	片草線（上り）	KKSU02	白岩町	３便	白岩口	11:43			
23204	KKSU00	片草線（上り）	KKSU02	白岩町	４便	白岩口	14:18			
23204	KKSU00	片草線（上り）	KKSU02	白岩町	５便	白岩口	16:20			
23204	KKSU00	片草線（上り）	KKSU03	白岩口	１便	一ノ瀬橋	7:33			
23204	KKSU00	片草線（上り）	KKSU03	白岩口	２便	一ノ瀬橋	9:38			
23204	KKSU00	片草線（上り）	KKSU03	白岩口	３便	一ノ瀬橋	11:44			
23204	KKSU00	片草線（上り）	KKSU03	白岩口	４便	一ノ瀬橋	14:19			
23204	KKSU00	片草線（上り）	KKSU03	白岩口	５便	一ノ瀬橋	16:21			
23204	KKSU00	片草線（上り）	KKSU04	一ノ瀬橋	１便	上品野	7:33			
23204	KKSU00	片草線（上り）	KKSU04	一ノ瀬橋	２便	上品野	9:38			
23204	KKSU00	片草線（上り）	KKSU04	一ノ瀬橋	３便	上品野	11:44			
23204	KKSU00	片草線（上り）	KKSU04	一ノ瀬橋	４便	上品野	14:19			
23204	KKSU00	片草線（上り）	KKSU04	一ノ瀬橋	５便	上品野	16:21			
23204	KKSU00	片草線（上り）	KKSU05	上品野	１便	上品野口	7:34			
23204	KKSU00	片草線（上り）	KKSU05	上品野	２便	中町	9:39			
23204	KKSU00	片草線（上り）	KKSU05	上品野	３便	中町	11:45			
23204	KKSU00	片草線（上り）	KKSU05	上品野	４便	中町	14:20			
23204	KKSU00	片草線（上り）	KKSU05	上品野	５便	上品野口	16:22			
23204	KKSU00	片草線（上り）	KKSU06	中町	２便	城前	9:39			
23204	KKSU00	片草線（上り）	KKSU06	中町	３便	城前	11:45			
23204	KKSU00	片草線（上り）	KKSU06	中町	４便	城前	14:20			
23204	KKSU00	片草線（上り）	KKSU07	城前	２便	中洞	9:40			
23204	KKSU00	片草線（上り）	KKSU07	城前	３便	中洞	11:46			
23204	KKSU00	片草線（上り）	KKSU07	城前	４便	中洞	14:21			
23204	KKSU00	片草線（上り）	KKSU08	中洞	２便	上品野口	9:40			
23204	KKSU00	片草線（上り）	KKSU08	中洞	３便	上品野口	11:46			
23204	KKSU00	片草線（上り）	KKSU08	中洞	４便	上品野口	14:21			
23204	KKSU00	片草線（上り）	KKSU09	上品野口	１便	桑下	7:36			
23204	KKSU00	片草線（上り）	KKSU09	上品野口	２便	桑下	9:41			
23204	KKSU00	片草線（上り）	KKSU09	上品野口	３便	桑下	11:47			
23204	KKSU00	片草線（上り）	KKSU09	上品野口	４便	桑下	14:22			
23204	KKSU00	片草線（上り）	KKSU09	上品野口	５便	桑下	16:24			
23204	KKSU00	片草線（上り）	KKSU10	桑下	１便	品野台小学校	7:37			
23204	KKSU00	片草線（上り）	KKSU10	桑下	２便	品野台小学校	9:42			
23204	KKSU00	片草線（上り）	KKSU10	桑下	３便	品野台小学校	11:48			
23204	KKSU00	片草線（上り）	KKSU10	桑下	４便	品野台小学校	14:23			
23204	KKSU00	片草線（上り）	KKSU10	桑下	５便	品野台小学校	16:25			
23204	KKSU00	片草線（上り）	KKSU11	品野台小学校	１便	品野	7:37			
23204	KKSU00	片草線（上り）	KKSU11	品野台小学校	２便	中品野	9:42			
23204	KKSU00	片草線（上り）	KKSU11	品野台小学校	３便	中品野	11:48			
23204	KKSU00	片草線（上り）	KKSU11	品野台小学校	４便	中品野	14:23			
23204	KKSU00	片草線（上り）	KKSU11	品野台小学校	５便	品野	16:25			
23204	KKSU00	片草線（上り）	KKSU12	中品野	２便	品野	9:44			
23204	KKSU00	片草線（上り）	KKSU12	中品野	３便	品野	11:50			
23204	KKSU00	片草線（上り）	KKSU12	中品野	４便	品野	14:25			
23204	KKSU00	片草線（上り）	KKSU13	品野	１便	しなのバスセンター	7:40			
23204	KKSU00	片草線（上り）	KKSU13	品野	２便	しなのバスセンター	9:45			
23204	KKSU00	片草線（上り）	KKSU13	品野	３便	しなのバスセンター	11:51			
23204	KKSU00	片草線（上り）	KKSU13	品野	４便	しなのバスセンター	14:26			
23204	KKSU00	片草線（上り）	KKSU13	品野	５便	しなのバスセンター	16:28			
23204	KKSU00	片草線（上り）	KKSU14	しなのバスセンター	１便	バロー品野店	7:42			
23204	KKSU00	片草線（上り）	KKSU14	しなのバスセンター	２便	バロー品野店	9:47			
23204	KKSU00	片草線（上り）	KKSU14	しなのバスセンター	３便	バロー品野店	11:53			
23204	KKSU00	片草線（上り）	KKSU14	しなのバスセンター	４便	バロー品野店	14:28			
23204	KKSU00	片草線（上り）	KKSU14	しなのバスセンター	５便	バロー品野店	16:30			
23204	KKSD00	片草線（下り）	KKSD01	バロー品野店	１便	しなのバスセンター	9:18			KKSD00
23204	KKSD00	片草線（下り）	KKSD01	バロー品野店	２便	しなのバスセンター	11:25			
23204	KKSD00	片草線（下り）	KKSD01	バロー品野店	３便	しなのバスセンター	13:59			
23204	KKSD00	片草線（下り）	KKSD01	バロー品野店	４便	しなのバスセンター	16:01			
23204	KKSD00	片草線（下り）	KKSD01	バロー品野店	５便	しなのバスセンター	17:52			
23204	KKSD00	片草線（下り）	KKSD02	しなのバスセンター	１便	品野	9:20			
23204	KKSD00	片草線（下り）	KKSD02	しなのバスセンター	２便	品野	11:27			
23204	KKSD00	片草線（下り）	KKSD02	しなのバスセンター	３便	品野	14:01			
23204	KKSD00	片草線（下り）	KKSD02	しなのバスセンター	４便	品野	16:03			
23204	KKSD00	片草線（下り）	KKSD02	しなのバスセンター	５便	品野	17:54			
23204	KKSD00	片草線（下り）	KKSD03	品野	１便	中品野	9:22			
23204	KKSD00	片草線（下り）	KKSD03	品野	２便	中品野	11:29			
23204	KKSD00	片草線（下り）	KKSD03	品野	３便	中品野	14:03			
23204	KKSD00	片草線（下り）	KKSD03	品野	４便	桑下	16:05			
23204	KKSD00	片草線（下り）	KKSD03	品野	５便	桑下	17:56			
23204	KKSD00	片草線（下り）	KKSD04	中品野	１便	桑下	9:23			
23204	KKSD00	片草線（下り）	KKSD04	中品野	２便	桑下	11:30			
23204	KKSD00	片草線（下り）	KKSD04	中品野	３便	桑下	14:04			
23204	KKSD00	片草線（下り）	KKSD06	桑下	１便	品野台小学校	9:25			
23204	KKSD00	片草線（下り）	KKSD06	桑下	２便	品野台小学校	11:32			
23204	KKSD00	片草線（下り）	KKSD06	桑下	３便	品野台小学校	14:06			
23204	KKSD00	片草線（下り）	KKSD06	桑下	４便	品野台小学校	16:08			
23204	KKSD00	片草線（下り）	KKSD06	桑下	５便	品野台小学校	17:59			
23204	KKSD00	片草線（下り）	KKSD05	品野台小学校	１便	上品野口	9:25			
23204	KKSD00	片草線（下り）	KKSD05	品野台小学校	２便	上品野口	11:32			
23204	KKSD00	片草線（下り）	KKSD05	品野台小学校	３便	上品野口	14:06			
23204	KKSD00	片草線（下り）	KKSD05	品野台小学校	４便	上品野口	16:08			
23204	KKSD00	片草線（下り）	KKSD05	品野台小学校	５便	上品野口	17:59			
23204	KKSD00	片草線（下り）	KKSD07	上品野口	１便	中洞	9:26			
23204	KKSD00	片草線（下り）	KKSD07	上品野口	２便	中洞	11:33			
23204	KKSD00	片草線（下り）	KKSD07	上品野口	３便	中洞	14:07			
23204	KKSD00	片草線（下り）	KKSD07	上品野口	４便	上品野	16:09			
23204	KKSD00	片草線（下り）	KKSD07	上品野口	５便	上品野	18:00			
23204	KKSD00	片草線（下り）	KKSD08	中洞	１便	城前	9:27			
23204	KKSD00	片草線（下り）	KKSD08	中洞	２便	城前	11:34			
23204	KKSD00	片草線（下り）	KKSD08	中洞	３便	城前	14:08			
23204	KKSD00	片草線（下り）	KKSD09	城前	１便	中町	9:27			
23204	KKSD00	片草線（下り）	KKSD09	城前	２便	中町	11:34			
23204	KKSD00	片草線（下り）	KKSD09	城前	３便	中町	14:08			
23204	KKSD00	片草線（下り）	KKSD10	中町	１便	上品野	9:28			
23204	KKSD00	片草線（下り）	KKSD10	中町	２便	上品野	11:35			
23204	KKSD00	片草線（下り）	KKSD10	中町	３便	上品野	14:09			
23204	KKSD00	片草線（下り）	KKSD11	上品野	１便	一ノ瀬橋	9:28			
23204	KKSD00	片草線（下り）	KKSD11	上品野	２便	一ノ瀬橋	11:35			
23204	KKSD00	片草線（下り）	KKSD11	上品野	３便	一ノ瀬橋	14:09			
23204	KKSD00	片草線（下り）	KKSD11	上品野	４便	一ノ瀬橋	16:11			
23204	KKSD00	片草線（下り）	KKSD11	上品野	５便	一ノ瀬橋	18:02			
23204	KKSD00	片草線（下り）	KKSD12	一ノ瀬橋	１便	白岩口	9:29			
23204	KKSD00	片草線（下り）	KKSD12	一ノ瀬橋	２便	白岩口	11:36			
23204	KKSD00	片草線（下り）	KKSD12	一ノ瀬橋	３便	白岩口	14:10			
23204	KKSD00	片草線（下り）	KKSD12	一ノ瀬橋	４便	白岩口	16:12			
23204	KKSD00	片草線（下り）	KKSD12	一ノ瀬橋	５便	白岩口	18:03			
23204	KKSD00	片草線（下り）	KKSD13	白岩口	１便	白岩町	9:29			
23204	KKSD00	片草線（下り）	KKSD13	白岩口	２便	白岩町	11:36			
23204	KKSD00	片草線（下り）	KKSD13	白岩口	３便	白岩町	14:10			
23204	KKSD00	片草線（下り）	KKSD13	白岩口	４便	白岩町	16:12			
23204	KKSD00	片草線（下り）	KKSD13	白岩口	５便	白岩町	18:03			
23204	KKSD00	片草線（下り）	KKSD14	白岩町	１便	片草町民会館	9:30			
23204	KKSD00	片草線（下り）	KKSD14	白岩町	２便	片草町民会館	11:37			
23204	KKSD00	片草線（下り）	KKSD14	白岩町	３便	片草町民会館	14:11			
23204	KKSD00	片草線（下り）	KKSD14	白岩町	４便	片草町民会館	16:13			
23204	KKSD00	片草線（下り）	KKSD14	白岩町	５便	片草町民会館	18:04			
23204	KHGU00	上半田川線（上り）	KHGU01	上半田川転回場	１便	榎戸	8:05			KHGU00
23204	KHGU00	上半田川線（上り）	KHGU01	上半田川転回場	２便	榎戸	10:15			
23204	KHGU00	上半田川線（上り）	KHGU01	上半田川転回場	３便	榎戸	12:20			
23204	KHGU00	上半田川線（上り）	KHGU01	上半田川転回場	４便	榎戸	14:54			
23204	KHGU00	上半田川線（上り）	KHGU01	上半田川転回場	５便	榎戸	16:56			
23204	KHGU00	上半田川線（上り）	KHGU02	榎戸	１便	上半田川町集荷所	8:06			
23204	KHGU00	上半田川線（上り）	KHGU02	榎戸	２便	上半田川町集荷所	10:16			
23204	KHGU00	上半田川線（上り）	KHGU02	榎戸	３便	上半田川町集荷所	12:21			
23204	KHGU00	上半田川線（上り）	KHGU02	榎戸	４便	上半田川町集荷所	14:55			
23204	KHGU00	上半田川線（上り）	KHGU02	榎戸	５便	上半田川町集荷所	16:57			
23204	KHGU00	上半田川線（上り）	KHGU03	上半田川町集荷所	１便	寺前橋	8:06			
23204	KHGU00	上半田川線（上り）	KHGU03	上半田川町集荷所	２便	寺前橋	10:16			
23204	KHGU00	上半田川線（上り）	KHGU03	上半田川町集荷所	３便	寺前橋	12:21			
23204	KHGU00	上半田川線（上り）	KHGU03	上半田川町集荷所	４便	寺前橋	14:55			
23204	KHGU00	上半田川線（上り）	KHGU03	上半田川町集荷所	５便	寺前橋	16:57			
23204	KHGU00	上半田川線（上り）	KHGU04	寺前橋	１便	中平橋	8:07			
23204	KHGU00	上半田川線（上り）	KHGU04	寺前橋	２便	中平橋	10:17			
23204	KHGU00	上半田川線（上り）	KHGU04	寺前橋	３便	中平橋	12:22			
23204	KHGU00	上半田川線（上り）	KHGU04	寺前橋	４便	中平橋	14:56			
23204	KHGU00	上半田川線（上り）	KHGU04	寺前橋	５便	中平橋	16:58			
23204	KHGU00	上半田川線（上り）	KHGU05	中平橋	１便	西新田	8:08			
23204	KHGU00	上半田川線（上り）	KHGU05	中平橋	２便	西新田	10:18			
23204	KHGU00	上半田川線（上り）	KHGU05	中平橋	３便	西新田	12:23			
23204	KHGU00	上半田川線（上り）	KHGU05	中平橋	４便	西新田	14:57			
23204	KHGU00	上半田川線（上り）	KHGU05	中平橋	５便	西新田	16:59			
23204	KHGU00	上半田川線（上り）	KHGU06	西新田	１便	名古屋学院大学	8:10			
23204	KHGU00	上半田川線（上り）	KHGU06	西新田	２便	名古屋学院大学	10:20			
23204	KHGU00	上半田川線（上り）	KHGU06	西新田	３便	名古屋学院大学	12:25			
23204	KHGU00	上半田川線（上り）	KHGU06	西新田	４便	名古屋学院大学	14:59			
23204	KHGU00	上半田川線（上り）	KHGU06	西新田	５便	名古屋学院大学	17:01			
23204	KHGU00	上半田川線（上り）	KHGU07	名古屋学院大学	１便	北山団地	8:11			
23204	KHGU00	上半田川線（上り）	KHGU07	名古屋学院大学	２便	北山団地	10:21			
23204	KHGU00	上半田川線（上り）	KHGU07	名古屋学院大学	３便	北山団地	12:26			
23204	KHGU00	上半田川線（上り）	KHGU07	名古屋学院大学	４便	北山団地	15:00			
23204	KHGU00	上半田川線（上り）	KHGU07	名古屋学院大学	５便	北山団地	17:02			
23204	KHGU00	上半田川線（上り）	KHGU08	北山団地	１便	菩提寺前	8:11			
23204	KHGU00	上半田川線（上り）	KHGU08	北山団地	２便	菩提寺前	10:21			
23204	KHGU00	上半田川線（上り）	KHGU08	北山団地	３便	菩提寺前	12:26			
23204	KHGU00	上半田川線（上り）	KHGU08	北山団地	４便	菩提寺前	15:00			
23204	KHGU00	上半田川線（上り）	KHGU08	北山団地	５便	菩提寺前	17:02			
23204	KHGU00	上半田川線（上り）	KHGU09	菩提寺前	１便	桑下	8:12			
23204	KHGU00	上半田川線（上り）	KHGU09	菩提寺前	２便	桑下	10:22			
23204	KHGU00	上半田川線（上り）	KHGU09	菩提寺前	３便	桑下	12:27			
23204	KHGU00	上半田川線（上り）	KHGU09	菩提寺前	４便	桑下	15:01			
23204	KHGU00	上半田川線（上り）	KHGU09	菩提寺前	５便	桑下	17:03			
23204	KHGU00	上半田川線（上り）	KHGU10	桑下	１便	品野台小学校	8:13			
23204	KHGU00	上半田川線（上り）	KHGU10	桑下	２便	品野台小学校	10:23			
23204	KHGU00	上半田川線（上り）	KHGU10	桑下	３便	品野台小学校	12:28			
23204	KHGU00	上半田川線（上り）	KHGU10	桑下	４便	品野台小学校	15:02			
23204	KHGU00	上半田川線（上り）	KHGU10	桑下	５便	品野台小学校	17:04			
23204	KHGU00	上半田川線（上り）	KHGU11	品野台小学校	１便	広之田	8:13			
23204	KHGU00	上半田川線（上り）	KHGU11	品野台小学校	２便	広之田	10:23			
23204	KHGU00	上半田川線（上り）	KHGU11	品野台小学校	３便	広之田	12:28			
23204	KHGU00	上半田川線（上り）	KHGU11	品野台小学校	４便	広之田	15:02			
23204	KHGU00	上半田川線（上り）	KHGU11	品野台小学校	５便	広之田	17:04			
23204	KHGU00	上半田川線（上り）	KHGU12	広之田	１便	広之田集会所	8:14			
23204	KHGU00	上半田川線（上り）	KHGU12	広之田	２便	広之田集会所	10:24			
23204	KHGU00	上半田川線（上り）	KHGU12	広之田	３便	広之田集会所	12:29			
23204	KHGU00	上半田川線（上り）	KHGU12	広之田	４便	広之田集会所	15:03			
23204	KHGU00	上半田川線（上り）	KHGU12	広之田	５便	広之田集会所	17:05			
23204	KHGU00	上半田川線（上り）	KHGU13	広之田集会所	１便	北丘町北	8:15			
23204	KHGU00	上半田川線（上り）	KHGU13	広之田集会所	２便	北丘町北	10:25			
23204	KHGU00	上半田川線（上り）	KHGU13	広之田集会所	３便	北丘町北	12:30			
23204	KHGU00	上半田川線（上り）	KHGU13	広之田集会所	４便	北丘町北	15:04			
23204	KHGU00	上半田川線（上り）	KHGU13	広之田集会所	５便	北丘町北	17:06			
23204	KHGU00	上半田川線（上り）	KHGU14	北丘町北	１便	北丘町南	8:16			
23204	KHGU00	上半田川線（上り）	KHGU14	北丘町北	２便	北丘町南	10:26			
23204	KHGU00	上半田川線（上り）	KHGU14	北丘町北	３便	北丘町南	12:31			
23204	KHGU00	上半田川線（上り）	KHGU14	北丘町北	４便	北丘町南	15:05			
23204	KHGU00	上半田川線（上り）	KHGU14	北丘町北	５便	北丘町南	17:07			
23204	KHGU00	上半田川線（上り）	KHGU15	北丘町南	１便	しなのバスセンター	8:17			
23204	KHGU00	上半田川線（上り）	KHGU15	北丘町南	２便	しなのバスセンター	10:27			
23204	KHGU00	上半田川線（上り）	KHGU15	北丘町南	３便	しなのバスセンター	12:32			
23204	KHGU00	上半田川線（上り）	KHGU15	北丘町南	４便	しなのバスセンター	15:06			
23204	KHGU00	上半田川線（上り）	KHGU15	北丘町南	５便	しなのバスセンター	17:08			
23204	KHGU00	上半田川線（上り）	KHGU16	しなのバスセンター	１便	バロー品野店	8:19			
23204	KHGU00	上半田川線（上り）	KHGU16	しなのバスセンター	２便	バロー品野店	10:29			
23204	KHGU00	上半田川線（上り）	KHGU16	しなのバスセンター	３便	バロー品野店	12:34			
23204	KHGU00	上半田川線（上り）	KHGU16	しなのバスセンター	４便	バロー品野店	15:08			
23204	KHGU00	上半田川線（上り）	KHGU16	しなのバスセンター	５便	バロー品野店	17:10			
23204	KHGD00	上半田川線（下り）	KHGD01	バロー品野店	１便	しなのバスセンター	7:46			KHGD00
23204	KHGD00	上半田川線（下り）	KHGD01	バロー品野店	２便	しなのバスセンター	9:53			
23204	KHGD00	上半田川線（下り）	KHGD01	バロー品野店	３便	しなのバスセンター	12:00			
23204	KHGD00	上半田川線（下り）	KHGD01	バロー品野店	４便	しなのバスセンター	14:35			
23204	KHGD00	上半田川線（下り）	KHGD01	バロー品野店	５便	しなのバスセンター	16:36			
23204	KHGD00	上半田川線（下り）	KHGD02	しなのバスセンター	１便	北丘町南	7:48			
23204	KHGD00	上半田川線（下り）	KHGD02	しなのバスセンター	２便	北丘町南	9:55			
23204	KHGD00	上半田川線（下り）	KHGD02	しなのバスセンター	３便	北丘町南	12:02			
23204	KHGD00	上半田川線（下り）	KHGD02	しなのバスセンター	４便	北丘町南	14:37			
23204	KHGD00	上半田川線（下り）	KHGD02	しなのバスセンター	５便	北丘町南	16:38			
23204	KHGD00	上半田川線（下り）	KHGD03	北丘町南	１便	北丘町北	7:49			
23204	KHGD00	上半田川線（下り）	KHGD03	北丘町南	２便	北丘町北	9:56			
23204	KHGD00	上半田川線（下り）	KHGD03	北丘町南	３便	北丘町北	12:03			
23204	KHGD00	上半田川線（下り）	KHGD03	北丘町南	４便	北丘町北	14:38			
23204	KHGD00	上半田川線（下り）	KHGD03	北丘町南	５便	北丘町北	16:39			
23204	KHGD00	上半田川線（下り）	KHGD04	北丘町北	１便	広之田集会所	7:50			
23204	KHGD00	上半田川線（下り）	KHGD04	北丘町北	２便	広之田集会所	9:57			
23204	KHGD00	上半田川線（下り）	KHGD04	北丘町北	３便	広之田集会所	12:04			
23204	KHGD00	上半田川線（下り）	KHGD04	北丘町北	４便	広之田集会所	14:39			
23204	KHGD00	上半田川線（下り）	KHGD04	北丘町北	５便	広之田集会所	16:40			
23204	KHGD00	上半田川線（下り）	KHGD05	広之田集会所	１便	広之田	7:51			
23204	KHGD00	上半田川線（下り）	KHGD05	広之田集会所	２便	広之田	9:58			
23204	KHGD00	上半田川線（下り）	KHGD05	広之田集会所	３便	広之田	12:05			
23204	KHGD00	上半田川線（下り）	KHGD05	広之田集会所	４便	広之田	14:40			
23204	KHGD00	上半田川線（下り）	KHGD05	広之田集会所	５便	広之田	16:41			
23204	KHGD00	上半田川線（下り）	KHGD06	広之田	１便	品野台小学校	7:52			
23204	KHGD00	上半田川線（下り）	KHGD06	広之田	２便	品野台小学校	9:59			
23204	KHGD00	上半田川線（下り）	KHGD06	広之田	３便	品野台小学校	12:06			
23204	KHGD00	上半田川線（下り）	KHGD06	広之田	４便	品野台小学校	14:41			
23204	KHGD00	上半田川線（下り）	KHGD06	広之田	５便	品野台小学校	16:42			
23204	KHGD00	上半田川線（下り）	KHGD07	品野台小学校	１便	桑下	7:53			
23204	KHGD00	上半田川線（下り）	KHGD07	品野台小学校	２便	桑下	10:00			
23204	KHGD00	上半田川線（下り）	KHGD07	品野台小学校	３便	桑下	12:07			
23204	KHGD00	上半田川線（下り）	KHGD07	品野台小学校	４便	桑下	14:42			
23204	KHGD00	上半田川線（下り）	KHGD07	品野台小学校	５便	桑下	16:43			
23204	KHGD00	上半田川線（下り）	KHGD08	桑下	１便	菩提寺前	7:53			
23204	KHGD00	上半田川線（下り）	KHGD08	桑下	２便	菩提寺前	10:00			
23204	KHGD00	上半田川線（下り）	KHGD08	桑下	３便	菩提寺前	12:07			
23204	KHGD00	上半田川線（下り）	KHGD08	桑下	４便	菩提寺前	14:42			
23204	KHGD00	上半田川線（下り）	KHGD08	桑下	５便	菩提寺前	16:43			
23204	KHGD00	上半田川線（下り）	KHGD09	菩提寺前	１便	北山団地	7:54			
23204	KHGD00	上半田川線（下り）	KHGD09	菩提寺前	２便	北山団地	10:01			
23204	KHGD00	上半田川線（下り）	KHGD09	菩提寺前	３便	北山団地	12:08			
23204	KHGD00	上半田川線（下り）	KHGD09	菩提寺前	４便	北山団地	14:43			
23204	KHGD00	上半田川線（下り）	KHGD09	菩提寺前	５便	北山団地	16:44			
23204	KHGD00	上半田川線（下り）	KHGD10	北山団地	１便	名古屋学院大学	7:55			
23204	KHGD00	上半田川線（下り）	KHGD10	北山団地	２便	名古屋学院大学	10:02			
23204	KHGD00	上半田川線（下り）	KHGD10	北山団地	３便	名古屋学院大学	12:09			
23204	KHGD00	上半田川線（下り）	KHGD10	北山団地	４便	名古屋学院大学	14:44			
23204	KHGD00	上半田川線（下り）	KHGD10	北山団地	５便	名古屋学院大学	16:45			
23204	KHGD00	上半田川線（下り）	KHGD11	名古屋学院大学	１便	西新田	7:56			
23204	KHGD00	上半田川線（下り）	KHGD11	名古屋学院大学	２便	西新田	10:03			
23204	KHGD00	上半田川線（下り）	KHGD11	名古屋学院大学	３便	西新田	12:10			
23204	KHGD00	上半田川線（下り）	KHGD11	名古屋学院大学	４便	西新田	14:45			
23204	KHGD00	上半田川線（下り）	KHGD11	名古屋学院大学	５便	西新田	16:46			
23204	KHGD00	上半田川線（下り）	KHGD12	西新田	１便	中平橋	7:57			
23204	KHGD00	上半田川線（下り）	KHGD12	西新田	２便	中平橋	10:04			
23204	KHGD00	上半田川線（下り）	KHGD12	西新田	３便	中平橋	12:11			
23204	KHGD00	上半田川線（下り）	KHGD12	西新田	４便	中平橋	14:46			
23204	KHGD00	上半田川線（下り）	KHGD12	西新田	５便	中平橋	16:47			
23204	KHGD00	上半田川線（下り）	KHGD13	中平橋	１便	寺前橋	7:58			
23204	KHGD00	上半田川線（下り）	KHGD13	中平橋	２便	寺前橋	10:05			
23204	KHGD00	上半田川線（下り）	KHGD13	中平橋	３便	寺前橋	12:12			
23204	KHGD00	上半田川線（下り）	KHGD13	中平橋	４便	寺前橋	14:47			
23204	KHGD00	上半田川線（下り）	KHGD13	中平橋	５便	寺前橋	16:48			
23204	KHGD00	上半田川線（下り）	KHGD14	寺前橋	１便	上半田川町集荷所	7:59			
23204	KHGD00	上半田川線（下り）	KHGD14	寺前橋	２便	上半田川町集荷所	10:06			
23204	KHGD00	上半田川線（下り）	KHGD14	寺前橋	３便	上半田川町集荷所	12:13			
23204	KHGD00	上半田川線（下り）	KHGD14	寺前橋	４便	上半田川町集荷所	14:48			
23204	KHGD00	上半田川線（下り）	KHGD14	寺前橋	５便	上半田川町集荷所	16:49			
23204	KHGD00	上半田川線（下り）	KHGD15	上半田川町集荷所	１便	榎戸	8:01			
23204	KHGD00	上半田川線（下り）	KHGD15	上半田川町集荷所	２便	榎戸	10:08			
23204	KHGD00	上半田川線（下り）	KHGD15	上半田川町集荷所	３便	榎戸	12:15			
23204	KHGD00	上半田川線（下り）	KHGD15	上半田川町集荷所	４便	榎戸	14:50			
23204	KHGD00	上半田川線（下り）	KHGD15	上半田川町集荷所	５便	榎戸	16:51			
23204	KHGD00	上半田川線（下り）	KHGD16	榎戸	１便	上半田川転回場	8:01			
23204	KHGD00	上半田川線（下り）	KHGD16	榎戸	２便	上半田川転回場	10:08			
23204	KHGD00	上半田川線（下り）	KHGD16	榎戸	３便	上半田川転回場	12:15			
23204	KHGD00	上半田川線（下り）	KHGD16	榎戸	４便	上半田川転回場	14:50			
23204	KHGD00	上半田川線（下り）	KHGD16	榎戸	５便	上半田川転回場	16:51			
23204	IWYU00	岩屋堂線（上り）	IWYU01	岩屋堂	１便	鳥原町東	8:43			IWYU00
23204	IWYU00	岩屋堂線（上り）	IWYU01	岩屋堂	２便	鳥原町東	10:47			
23204	IWYU00	岩屋堂線（上り）	IWYU01	岩屋堂	３便	鳥原町東	12:51			
23204	IWYU00	岩屋堂線（上り）	IWYU01	岩屋堂	４便	鳥原町東	15:25			
23204	IWYU00	岩屋堂線（上り）	IWYU01	岩屋堂	５便	鳥原町東	17:25			
23204	IWYU00	岩屋堂線（上り）	IWYU02	鳥原町東	１便	鳥原町中	8:44			
23204	IWYU00	岩屋堂線（上り）	IWYU02	鳥原町東	２便	鳥原町中	10:48			
23204	IWYU00	岩屋堂線（上り）	IWYU02	鳥原町東	３便	鳥原町中	12:52			
23204	IWYU00	岩屋堂線（上り）	IWYU02	鳥原町東	４便	鳥原町中	15:26			
23204	IWYU00	岩屋堂線（上り）	IWYU02	鳥原町東	５便	鳥原町中	17:26			
23204	IWYU00	岩屋堂線（上り）	IWYU03	鳥原町中	１便	鳥原町西	8:45			
23204	IWYU00	岩屋堂線（上り）	IWYU03	鳥原町中	２便	鳥原町西	10:49			
23204	IWYU00	岩屋堂線（上り）	IWYU03	鳥原町中	３便	鳥原町西	12:53			
23204	IWYU00	岩屋堂線（上り）	IWYU03	鳥原町中	４便	鳥原町西	15:27			
23204	IWYU00	岩屋堂線（上り）	IWYU03	鳥原町中	５便	鳥原町西	17:27			
23204	IWYU00	岩屋堂線（上り）	IWYU04	鳥原町西	１便	鳥原橋	8:46			
23204	IWYU00	岩屋堂線（上り）	IWYU04	鳥原町西	２便	鳥原橋	10:50			
23204	IWYU00	岩屋堂線（上り）	IWYU04	鳥原町西	３便	鳥原橋	12:54			
23204	IWYU00	岩屋堂線（上り）	IWYU04	鳥原町西	４便	鳥原橋	15:28			
23204	IWYU00	岩屋堂線（上り）	IWYU04	鳥原町西	５便	鳥原橋	17:28			
23204	IWYU00	岩屋堂線（上り）	IWYU05	鳥原橋	１便	窯町	8:47			
23204	IWYU00	岩屋堂線（上り）	IWYU05	鳥原橋	２便	窯町	10:51			
23204	IWYU00	岩屋堂線（上り）	IWYU05	鳥原橋	３便	窯町	12:55			
23204	IWYU00	岩屋堂線（上り）	IWYU05	鳥原橋	４便	窯町	15:29			
23204	IWYU00	岩屋堂線（上り）	IWYU05	鳥原橋	５便	窯町	17:29			
23204	IWYU00	岩屋堂線（上り）	IWYU06	窯町	１便	二又池北	8:50			
23204	IWYU00	岩屋堂線（上り）	IWYU06	窯町	２便	二又池北	10:54			
23204	IWYU00	岩屋堂線（上り）	IWYU06	窯町	３便	二又池北	12:58			
23204	IWYU00	岩屋堂線（上り）	IWYU06	窯町	４便	二又池北	15:32			
23204	IWYU00	岩屋堂線（上り）	IWYU06	窯町	５便	二又池北	17:32			
23204	IWYU00	岩屋堂線（上り）	IWYU07	二又池北	１便	窯東山	8:51			
23204	IWYU00	岩屋堂線（上り）	IWYU07	二又池北	２便	窯東山	10:55			
23204	IWYU00	岩屋堂線（上り）	IWYU07	二又池北	３便	窯東山	12:59			
23204	IWYU00	岩屋堂線（上り）	IWYU07	二又池北	４便	窯東山	15:33			
23204	IWYU00	岩屋堂線（上り）	IWYU07	二又池北	５便	窯東山	17:33			
23204	IWYU00	岩屋堂線（上り）	IWYU08	窯東山	１便	品野町３丁目東	8:52			
23204	IWYU00	岩屋堂線（上り）	IWYU08	窯東山	２便	品野町３丁目東	10:56			
23204	IWYU00	岩屋堂線（上り）	IWYU08	窯東山	３便	品野町３丁目東	13:00			
23204	IWYU00	岩屋堂線（上り）	IWYU08	窯東山	４便	品野町３丁目東	15:34			
23204	IWYU00	岩屋堂線（上り）	IWYU08	窯東山	５便	品野町３丁目東	17:34			
23204	IWYU00	岩屋堂線（上り）	IWYU09	品野町３丁目東	１便	品野町３丁目西	8:53			
23204	IWYU00	岩屋堂線（上り）	IWYU09	品野町３丁目東	２便	品野町３丁目西	10:57			
23204	IWYU00	岩屋堂線（上り）	IWYU09	品野町３丁目東	３便	品野町３丁目西	13:01			
23204	IWYU00	岩屋堂線（上り）	IWYU09	品野町３丁目東	４便	品野町３丁目西	15:35			
23204	IWYU00	岩屋堂線（上り）	IWYU09	品野町３丁目東	５便	品野町３丁目西	17:35			
23204	IWYU00	岩屋堂線（上り）	IWYU10	品野町３丁目西	１便	バロー品野店	8:54			
23204	IWYU00	岩屋堂線（上り）	IWYU10	品野町３丁目西	２便	バロー品野店	10:58			
23204	IWYU00	岩屋堂線（上り）	IWYU10	品野町３丁目西	３便	バロー品野店	13:02			
23204	IWYU00	岩屋堂線（上り）	IWYU10	品野町３丁目西	４便	バロー品野店	15:36			
23204	IWYU00	岩屋堂線（上り）	IWYU10	品野町３丁目西	５便	バロー品野店	17:36			
23204	IWYU00	岩屋堂線（上り）	IWYU11	バロー品野店	１便	しなのバスセンター	8:57			
23204	IWYU00	岩屋堂線（上り）	IWYU11	バロー品野店	２便	しなのバスセンター	11:01			
23204	IWYU00	岩屋堂線（上り）	IWYU11	バロー品野店	３便	しなのバスセンター	13:05			
23204	IWYU00	岩屋堂線（上り）	IWYU11	バロー品野店	４便	しなのバスセンター	15:39			
23204	IWYU00	岩屋堂線（上り）	IWYU11	バロー品野店	５便	しなのバスセンター	17:39			
23204	IWYD00	岩屋堂線（下り）	IWYD01	しなのバスセンター	１便	バロー品野店	8:33			IWYD00
23204	IWYD00	岩屋堂線（下り）	IWYD01	しなのバスセンター	２便	バロー品野店	10:37			
23204	IWYD00	岩屋堂線（下り）	IWYD01	しなのバスセンター	３便	バロー品野店	12:41			
23204	IWYD00	岩屋堂線（下り）	IWYD01	しなのバスセンター	４便	バロー品野店	15:15			
23204	IWYD00	岩屋堂線（下り）	IWYD01	しなのバスセンター	５便	バロー品野店	17:15			
23204	IWYD00	岩屋堂線（下り）	IWYD02	バロー品野店	１便	品野町３丁目西	8:35			
23204	IWYD00	岩屋堂線（下り）	IWYD02	バロー品野店	２便	品野町３丁目西	10:39			
23204	IWYD00	岩屋堂線（下り）	IWYD02	バロー品野店	３便	品野町３丁目西	12:43			
23204	IWYD00	岩屋堂線（下り）	IWYD02	バロー品野店	４便	品野町３丁目西	15:17			
23204	IWYD00	岩屋堂線（下り）	IWYD02	バロー品野店	５便	品野町３丁目西	17:17			
23204	IWYD00	岩屋堂線（下り）	IWYD03	品野町３丁目西	１便	品野町３丁目東	8:37			
23204	IWYD00	岩屋堂線（下り）	IWYD03	品野町３丁目西	２便	品野町３丁目東	10:41			
23204	IWYD00	岩屋堂線（下り）	IWYD03	品野町３丁目西	３便	品野町３丁目東	12:45			
23204	IWYD00	岩屋堂線（下り）	IWYD03	品野町３丁目西	４便	品野町３丁目東	15:19			
23204	IWYD00	岩屋堂線（下り）	IWYD03	品野町３丁目西	５便	品野町３丁目東	17:19			
23204	IWYD00	岩屋堂線（下り）	IWYD04	品野町３丁目東	１便	窯東山	8:38			
23204	IWYD00	岩屋堂線（下り）	IWYD04	品野町３丁目東	２便	窯東山	10:42			
23204	IWYD00	岩屋堂線（下り）	IWYD04	品野町３丁目東	３便	窯東山	12:46			
23204	IWYD00	岩屋堂線（下り）	IWYD04	品野町３丁目東	４便	窯東山	15:20			
23204	IWYD00	岩屋堂線（下り）	IWYD04	品野町３丁目東	５便	窯東山	17:20			
23204	IWYD00	岩屋堂線（下り）	IWYD05	窯東山	１便	二又池北	8:39			
23204	IWYD00	岩屋堂線（下り）	IWYD05	窯東山	２便	二又池北	10:43			
23204	IWYD00	岩屋堂線（下り）	IWYD05	窯東山	３便	二又池北	12:47			
23204	IWYD00	岩屋堂線（下り）	IWYD05	窯東山	４便	二又池北	15:21			
23204	IWYD00	岩屋堂線（下り）	IWYD05	窯東山	５便	二又池北	17:21			
23204	IWYD00	岩屋堂線（下り）	IWYD06	二又池北	１便	窯町	8:40			
23204	IWYD00	岩屋堂線（下り）	IWYD06	二又池北	２便	窯町	10:44			
23204	IWYD00	岩屋堂線（下り）	IWYD06	二又池北	３便	窯町	12:48			
23204	IWYD00	岩屋堂線（下り）	IWYD06	二又池北	４便	窯町	15:22			
23204	IWYD00	岩屋堂線（下り）	IWYD06	二又池北	５便	窯町	17:22			
23204	IWYD00	岩屋堂線（下り）	IWYD07	窯町	１便	岩屋堂	8:41			
23204	IWYD00	岩屋堂線（下り）	IWYD07	窯町	２便	岩屋堂	10:45			
23204	IWYD00	岩屋堂線（下り）	IWYD07	窯町	３便	岩屋堂	12:49			
23204	IWYD00	岩屋堂線（下り）	IWYD07	窯町	４便	岩屋堂	15:23			
23204	IWYD00	岩屋堂線（下り）	IWYD07	窯町	５便	岩屋堂	17:23			
23204	IWYD00	岩屋堂線（下り）	IWYD12	岩屋堂	１便	鳥原町東	8:43			
23204	IWYD00	岩屋堂線（下り）	IWYD12	岩屋堂	２便	鳥原町東	10:47			
23204	IWYD00	岩屋堂線（下り）	IWYD12	岩屋堂	３便	鳥原町東	12:51			
23204	IWYD00	岩屋堂線（下り）	IWYD12	岩屋堂	４便	鳥原町東	15:25			
23204	IWYD00	岩屋堂線（下り）	IWYD12	岩屋堂	５便	鳥原町東	17:25			
23204	IWYD00	岩屋堂線（下り）	IWYD11	鳥原町東	１便	鳥原町中	8:44			
23204	IWYD00	岩屋堂線（下り）	IWYD11	鳥原町東	２便	鳥原町中	10:48			
23204	IWYD00	岩屋堂線（下り）	IWYD11	鳥原町東	３便	鳥原町中	12:52			
23204	IWYD00	岩屋堂線（下り）	IWYD11	鳥原町東	４便	鳥原町中	15:26			
23204	IWYD00	岩屋堂線（下り）	IWYD11	鳥原町東	５便	鳥原町中	17:26			
23204	IWYD00	岩屋堂線（下り）	IWYD10	鳥原町中	１便	鳥原町西	8:45			
23204	IWYD00	岩屋堂線（下り）	IWYD10	鳥原町中	２便	鳥原町西	10:49			
23204	IWYD00	岩屋堂線（下り）	IWYD10	鳥原町中	３便	鳥原町西	12:53			
23204	IWYD00	岩屋堂線（下り）	IWYD10	鳥原町中	４便	鳥原町西	15:27			
23204	IWYD00	岩屋堂線（下り）	IWYD10	鳥原町中	５便	鳥原町西	17:27			
23204	IWYD00	岩屋堂線（下り）	IWYD09	鳥原町西	１便	鳥原橋	8:46			
23204	IWYD00	岩屋堂線（下り）	IWYD09	鳥原町西	２便	鳥原橋	10:50			
23204	IWYD00	岩屋堂線（下り）	IWYD09	鳥原町西	３便	鳥原橋	12:54			
23204	IWYD00	岩屋堂線（下り）	IWYD09	鳥原町西	４便	鳥原橋	15:28			
23204	IWYD00	岩屋堂線（下り）	IWYD09	鳥原町西	５便	鳥原橋	17:28			
23204	HNJU00	本地線（上り）	HNJU01	愛知医大	１便	立花	7:55			HNJU00
23204	HNJU00	本地線（上り）	HNJU01	愛知医大	２便	立花	9:36			
23204	HNJU00	本地線（上り）	HNJU01	愛知医大	３便	立花	10:46			
23204	HNJU00	本地線（上り）	HNJU01	愛知医大	４便	立花	11:58			
23204	HNJU00	本地線（上り）	HNJU01	愛知医大	５便	立花	13:33			
23204	HNJU00	本地線（上り）	HNJU01	愛知医大	６便	立花	15:10			
23204	HNJU00	本地線（上り）	HNJU01	愛知医大	７便	立花	16:22			
23204	HNJU00	本地線（上り）	HNJU02	立花	１便	坂上町西	7:57			
23204	HNJU00	本地線（上り）	HNJU02	立花	２便	坂上町西	9:38			
23204	HNJU00	本地線（上り）	HNJU02	立花	３便	坂上町西	10:48			
23204	HNJU00	本地線（上り）	HNJU02	立花	４便	坂上町西	12:00			
23204	HNJU00	本地線（上り）	HNJU02	立花	５便	坂上町西	13:35			
23204	HNJU00	本地線（上り）	HNJU02	立花	６便	坂上町西	15:12			
23204	HNJU00	本地線（上り）	HNJU02	立花	７便	坂上町西	16:24			
23204	HNJU00	本地線（上り）	HNJU03	坂上町西	１便	井戸金町	8:00			
23204	HNJU00	本地線（上り）	HNJU03	坂上町西	２便	井戸金町	9:41			
23204	HNJU00	本地線（上り）	HNJU03	坂上町西	３便	井戸金町	10:51			
23204	HNJU00	本地線（上り）	HNJU03	坂上町西	４便	井戸金町	12:03			
23204	HNJU00	本地線（上り）	HNJU03	坂上町西	５便	井戸金町	13:38			
23204	HNJU00	本地線（上り）	HNJU03	坂上町西	６便	井戸金町	15:15			
23204	HNJU00	本地線（上り）	HNJU03	坂上町西	７便	井戸金町	16:27			
23204	HNJU00	本地線（上り）	HNJU04	井戸金町	１便	坂上町東	8:01			
23204	HNJU00	本地線（上り）	HNJU04	井戸金町	２便	坂上町東	9:42			
23204	HNJU00	本地線（上り）	HNJU04	井戸金町	３便	坂上町東	10:52			
23204	HNJU00	本地線（上り）	HNJU04	井戸金町	４便	坂上町東	12:04			
23204	HNJU00	本地線（上り）	HNJU04	井戸金町	５便	坂上町東	13:39			
23204	HNJU00	本地線（上り）	HNJU04	井戸金町	６便	坂上町東	15:16			
23204	HNJU00	本地線（上り）	HNJU04	井戸金町	７便	坂上町東	16:28			
23204	HNJU00	本地線（上り）	HNJU05	坂上町東	１便	バロー瀬戸西店	8:03			
23204	HNJU00	本地線（上り）	HNJU05	坂上町東	２便	バロー瀬戸西店	9:44			
23204	HNJU00	本地線（上り）	HNJU05	坂上町東	３便	バロー瀬戸西店	10:54			
23204	HNJU00	本地線（上り）	HNJU05	坂上町東	４便	バロー瀬戸西店	12:06			
23204	HNJU00	本地線（上り）	HNJU05	坂上町東	５便	バロー瀬戸西店	13:41			
23204	HNJU00	本地線（上り）	HNJU05	坂上町東	６便	バロー瀬戸西店	15:18			
23204	HNJU00	本地線（上り）	HNJU05	坂上町東	７便	バロー瀬戸西店	16:30			
23204	HNJU00	本地線（上り）	HNJU06	バロー瀬戸西店	１便	西本地	8:08			
23204	HNJU00	本地線（上り）	HNJU06	バロー瀬戸西店	２便	西本地	9:49			
23204	HNJU00	本地線（上り）	HNJU06	バロー瀬戸西店	３便	西本地	10:59			
23204	HNJU00	本地線（上り）	HNJU06	バロー瀬戸西店	４便	西本地	12:11			
23204	HNJU00	本地線（上り）	HNJU06	バロー瀬戸西店	５便	西本地	13:46			
23204	HNJU00	本地線（上り）	HNJU06	バロー瀬戸西店	６便	西本地	15:23			
23204	HNJU00	本地線（上り）	HNJU06	バロー瀬戸西店	７便	西本地	16:35			
23204	HNJU00	本地線（上り）	HNJU07	西本地	１便	本地会館	8:11			
23204	HNJU00	本地線（上り）	HNJU07	西本地	２便	本地会館	9:52			
23204	HNJU00	本地線（上り）	HNJU07	西本地	３便	本地会館	11:02			
23204	HNJU00	本地線（上り）	HNJU07	西本地	４便	本地会館	12:14			
23204	HNJU00	本地線（上り）	HNJU07	西本地	５便	本地会館	13:49			
23204	HNJU00	本地線（上り）	HNJU07	西本地	６便	本地会館	15:26			
23204	HNJU00	本地線（上り）	HNJU07	西本地	７便	本地会館	16:38			
23204	HNJU00	本地線（上り）	HNJU08	本地会館	１便	幡山西小学校西	8:12			
23204	HNJU00	本地線（上り）	HNJU08	本地会館	２便	幡山西小学校西	9:53			
23204	HNJU00	本地線（上り）	HNJU08	本地会館	３便	幡山西小学校西	11:03			
23204	HNJU00	本地線（上り）	HNJU08	本地会館	４便	幡山西小学校西	12:15			
23204	HNJU00	本地線（上り）	HNJU08	本地会館	５便	幡山西小学校西	13:50			
23204	HNJU00	本地線（上り）	HNJU08	本地会館	６便	幡山西小学校西	15:27			
23204	HNJU00	本地線（上り）	HNJU08	本地会館	７便	幡山西小学校西	16:39			
23204	HNJU00	本地線（上り）	HNJU09	幡山西小学校西	１便	西脇町	8:13			
23204	HNJU00	本地線（上り）	HNJU09	幡山西小学校西	２便	西脇町	9:54			
23204	HNJU00	本地線（上り）	HNJU09	幡山西小学校西	３便	西脇町	11:04			
23204	HNJU00	本地線（上り）	HNJU09	幡山西小学校西	４便	西脇町	12:16			
23204	HNJU00	本地線（上り）	HNJU09	幡山西小学校西	５便	西脇町	13:51			
23204	HNJU00	本地線（上り）	HNJU09	幡山西小学校西	６便	西脇町	15:28			
23204	HNJU00	本地線（上り）	HNJU09	幡山西小学校西	７便	西脇町	16:40			
23204	HNJU00	本地線（上り）	HNJU10	西脇町	１便	新田町	8:14			
23204	HNJU00	本地線（上り）	HNJU10	西脇町	２便	新田町	9:55			
23204	HNJU00	本地線（上り）	HNJU10	西脇町	３便	新田町	11:05			
23204	HNJU00	本地線（上り）	HNJU10	西脇町	４便	新田町	12:17			
23204	HNJU00	本地線（上り）	HNJU10	西脇町	５便	新田町	13:52			
23204	HNJU00	本地線（上り）	HNJU10	西脇町	６便	新田町	15:29			
23204	HNJU00	本地線（上り）	HNJU10	西脇町	７便	新田町	16:41			
23204	HNJU00	本地線（上り）	HNJU11	新田町	１便	幡山支所	8:15			
23204	HNJU00	本地線（上り）	HNJU11	新田町	２便	幡山支所	9:56			
23204	HNJU00	本地線（上り）	HNJU11	新田町	３便	幡山支所	11:06			
23204	HNJU00	本地線（上り）	HNJU11	新田町	４便	幡山支所	12:18			
23204	HNJU00	本地線（上り）	HNJU11	新田町	５便	幡山支所	13:53			
23204	HNJU00	本地線（上り）	HNJU11	新田町	６便	幡山支所	15:30			
23204	HNJU00	本地線（上り）	HNJU11	新田町	７便	幡山支所	16:42			
23204	HNJU00	本地線（上り）	HNJU12	幡山支所	１便	瀬戸口駅	8:17			
23204	HNJU00	本地線（上り）	HNJU12	幡山支所	２便	瀬戸口駅	9:58			
23204	HNJU00	本地線（上り）	HNJU12	幡山支所	３便	瀬戸口駅	11:08			
23204	HNJU00	本地線（上り）	HNJU12	幡山支所	４便	瀬戸口駅	12:20			
23204	HNJU00	本地線（上り）	HNJU12	幡山支所	５便	瀬戸口駅	13:55			
23204	HNJU00	本地線（上り）	HNJU12	幡山支所	６便	瀬戸口駅	15:32			
23204	HNJU00	本地線（上り）	HNJU12	幡山支所	７便	瀬戸口駅	16:44			
23204	HNJU00	本地線（上り）	HNJU13	瀬戸口駅	１便	瀬戸口駅北口	8:20			
23204	HNJU00	本地線（上り）	HNJU13	瀬戸口駅	２便	瀬戸口駅北口	10:01			
23204	HNJU00	本地線（上り）	HNJU13	瀬戸口駅	３便	瀬戸口駅北口	11:11			
23204	HNJU00	本地線（上り）	HNJU13	瀬戸口駅	４便	瀬戸口駅北口	12:23			
23204	HNJU00	本地線（上り）	HNJU13	瀬戸口駅	５便	瀬戸口駅北口	13:58			
23204	HNJU00	本地線（上り）	HNJU13	瀬戸口駅	６便	瀬戸口駅北口	15:35			
23204	HNJU00	本地線（上り）	HNJU13	瀬戸口駅	７便	瀬戸口駅北口	16:47			
23204	HNJU00	本地線（上り）	HNJU14	瀬戸口駅北口	１便	緑町	8:26			
23204	HNJU00	本地線（上り）	HNJU15	緑町	１便	東赤重町	8:28			
23204	HNJU00	本地線（上り）	HNJU16	東赤重町	１便	新水無瀬橋	8:29			
23204	HNJU00	本地線（上り）	HNJU17	新水無瀬橋	１便	新共栄橋北	8:30			
23204	HNJU00	本地線（上り）	HNJU18	新共栄橋北	１便	陶生病院	8:33			
23204	HNJD00	本地線（下り）	HNJD01	陶生病院	１便	新共栄橋北	8:42			HNJD00
23204	HNJD00	本地線（下り）	HNJD01	陶生病院	４便	新共栄橋北	12:47			
23204	HNJD00	本地線（下り）	HNJD02	新共栄橋北	１便	保健所前	8:45			
23204	HNJD00	本地線（下り）	HNJD02	新共栄橋北	４便	保健所前	12:50			
23204	HNJD00	本地線（下り）	HNJD03	保健所前	１便	新水無瀬橋	8:47			
23204	HNJD00	本地線（下り）	HNJD03	保健所前	４便	新水無瀬橋	12:52			
23204	HNJD00	本地線（下り）	HNJD04	新水無瀬橋	１便	東赤重町	8:48			
23204	HNJD00	本地線（下り）	HNJD04	新水無瀬橋	４便	東赤重町	12:53			
23204	HNJD00	本地線（下り）	HNJD05	東赤重町	１便	緑町	8:50			
23204	HNJD00	本地線（下り）	HNJD05	東赤重町	４便	緑町	12:55			
23204	HNJD00	本地線（下り）	HNJD06	緑町	１便	瀬戸口駅北口	8:52			
23204	HNJD00	本地線（下り）	HNJD06	緑町	４便	瀬戸口駅北口	12:57			
23204	HNJD00	本地線（下り）	HNJD07	瀬戸口駅北口	１便	瀬戸口駅	9:07			
23204	HNJD00	本地線（下り）	HNJD07	瀬戸口駅北口	２便	瀬戸口駅	10:17			
23204	HNJD00	本地線（下り）	HNJD07	瀬戸口駅北口	３便	瀬戸口駅	11:29			
23204	HNJD00	本地線（下り）	HNJD07	瀬戸口駅北口	４便	瀬戸口駅	13:04			
23204	HNJD00	本地線（下り）	HNJD07	瀬戸口駅北口	５便	瀬戸口駅	14:41			
23204	HNJD00	本地線（下り）	HNJD07	瀬戸口駅北口	６便	瀬戸口駅	15:53			
23204	HNJD00	本地線（下り）	HNJD07	瀬戸口駅北口	７便	瀬戸口駅	17:00			
23204	HNJD00	本地線（下り）	HNJD08	瀬戸口駅	１便	幡山支所	9:10			
23204	HNJD00	本地線（下り）	HNJD08	瀬戸口駅	２便	幡山支所	10:20			
23204	HNJD00	本地線（下り）	HNJD08	瀬戸口駅	３便	幡山支所	11:32			
23204	HNJD00	本地線（下り）	HNJD08	瀬戸口駅	４便	幡山支所	13:07			
23204	HNJD00	本地線（下り）	HNJD08	瀬戸口駅	５便	幡山支所	14:44			
23204	HNJD00	本地線（下り）	HNJD08	瀬戸口駅	６便	幡山支所	15:56			
23204	HNJD00	本地線（下り）	HNJD08	瀬戸口駅	７便	幡山支所	17:03			
23204	HNJD00	本地線（下り）	HNJD09	幡山支所	１便	新田町	9:13			
23204	HNJD00	本地線（下り）	HNJD09	幡山支所	２便	新田町	10:23			
23204	HNJD00	本地線（下り）	HNJD09	幡山支所	３便	新田町	11:35			
23204	HNJD00	本地線（下り）	HNJD09	幡山支所	４便	新田町	13:10			
23204	HNJD00	本地線（下り）	HNJD09	幡山支所	５便	新田町	14:47			
23204	HNJD00	本地線（下り）	HNJD09	幡山支所	６便	新田町	15:59			
23204	HNJD00	本地線（下り）	HNJD09	幡山支所	７便	新田町	17:06			
23204	HNJD00	本地線（下り）	HNJD10	新田町	１便	西脇町	9:15			
23204	HNJD00	本地線（下り）	HNJD10	新田町	２便	西脇町	10:25			
23204	HNJD00	本地線（下り）	HNJD10	新田町	３便	西脇町	11:37			
23204	HNJD00	本地線（下り）	HNJD10	新田町	４便	西脇町	13:12			
23204	HNJD00	本地線（下り）	HNJD10	新田町	５便	西脇町	14:49			
23204	HNJD00	本地線（下り）	HNJD10	新田町	６便	西脇町	16:01			
23204	HNJD00	本地線（下り）	HNJD10	新田町	７便	西脇町	17:08			
23204	HNJD00	本地線（下り）	HNJD11	西脇町	１便	幡山西小学校西	9:16			
23204	HNJD00	本地線（下り）	HNJD11	西脇町	２便	幡山西小学校西	10:26			
23204	HNJD00	本地線（下り）	HNJD11	西脇町	３便	幡山西小学校西	11:38			
23204	HNJD00	本地線（下り）	HNJD11	西脇町	４便	幡山西小学校西	13:13			
23204	HNJD00	本地線（下り）	HNJD11	西脇町	５便	幡山西小学校西	14:50			
23204	HNJD00	本地線（下り）	HNJD11	西脇町	６便	幡山西小学校西	16:02			
23204	HNJD00	本地線（下り）	HNJD11	西脇町	７便	幡山西小学校西	17:09			
23204	HNJD00	本地線（下り）	HNJD12	幡山西小学校西	１便	本地会館	9:17			
23204	HNJD00	本地線（下り）	HNJD12	幡山西小学校西	２便	本地会館	10:27			
23204	HNJD00	本地線（下り）	HNJD12	幡山西小学校西	３便	本地会館	11:39			
23204	HNJD00	本地線（下り）	HNJD12	幡山西小学校西	４便	本地会館	13:14			
23204	HNJD00	本地線（下り）	HNJD12	幡山西小学校西	５便	本地会館	14:51			
23204	HNJD00	本地線（下り）	HNJD12	幡山西小学校西	６便	本地会館	16:03			
23204	HNJD00	本地線（下り）	HNJD12	幡山西小学校西	７便	本地会館	17:10			
23204	HNJD00	本地線（下り）	HNJD13	本地会館	１便	西本地	9:18			
23204	HNJD00	本地線（下り）	HNJD13	本地会館	２便	西本地	10:28			
23204	HNJD00	本地線（下り）	HNJD13	本地会館	３便	西本地	11:40			
23204	HNJD00	本地線（下り）	HNJD13	本地会館	４便	西本地	13:15			
23204	HNJD00	本地線（下り）	HNJD13	本地会館	５便	西本地	14:52			
23204	HNJD00	本地線（下り）	HNJD13	本地会館	６便	西本地	16:04			
23204	HNJD00	本地線（下り）	HNJD13	本地会館	７便	西本地	17:11			
23204	HNJD00	本地線（下り）	HNJD14	西本地	１便	バロー瀬戸西店	9:19			
23204	HNJD00	本地線（下り）	HNJD14	西本地	２便	バロー瀬戸西店	10:29			
23204	HNJD00	本地線（下り）	HNJD14	西本地	３便	バロー瀬戸西店	11:41			
23204	HNJD00	本地線（下り）	HNJD14	西本地	４便	バロー瀬戸西店	13:16			
23204	HNJD00	本地線（下り）	HNJD14	西本地	５便	バロー瀬戸西店	14:53			
23204	HNJD00	本地線（下り）	HNJD14	西本地	６便	バロー瀬戸西店	16:05			
23204	HNJD00	本地線（下り）	HNJD14	西本地	７便	バロー瀬戸西店	17:12			
23204	HNJD00	本地線（下り）	HNJD15	バロー瀬戸西店	１便	坂上町東	9:22			
23204	HNJD00	本地線（下り）	HNJD15	バロー瀬戸西店	２便	坂上町東	10:32			
23204	HNJD00	本地線（下り）	HNJD15	バロー瀬戸西店	３便	坂上町東	11:44			
23204	HNJD00	本地線（下り）	HNJD15	バロー瀬戸西店	４便	坂上町東	13:19			
23204	HNJD00	本地線（下り）	HNJD15	バロー瀬戸西店	５便	坂上町東	14:56			
23204	HNJD00	本地線（下り）	HNJD15	バロー瀬戸西店	６便	坂上町東	16:08			
23204	HNJD00	本地線（下り）	HNJD15	バロー瀬戸西店	７便	坂上町東	17:15			
23204	HNJD00	本地線（下り）	HNJD16	坂上町東	１便	井戸金町	9:27			
23204	HNJD00	本地線（下り）	HNJD16	坂上町東	２便	井戸金町	10:37			
23204	HNJD00	本地線（下り）	HNJD16	坂上町東	３便	井戸金町	11:49			
23204	HNJD00	本地線（下り）	HNJD16	坂上町東	４便	井戸金町	13:24			
23204	HNJD00	本地線（下り）	HNJD16	坂上町東	５便	井戸金町	15:01			
23204	HNJD00	本地線（下り）	HNJD16	坂上町東	６便	井戸金町	16:13			
23204	HNJD00	本地線（下り）	HNJD16	坂上町東	７便	井戸金町	17:20			
23204	HNJD00	本地線（下り）	HNJD17	井戸金町	１便	坂上町西	9:29			
23204	HNJD00	本地線（下り）	HNJD17	井戸金町	２便	坂上町西	10:39			
23204	HNJD00	本地線（下り）	HNJD17	井戸金町	３便	坂上町西	11:51			
23204	HNJD00	本地線（下り）	HNJD17	井戸金町	４便	坂上町西	13:26			
23204	HNJD00	本地線（下り）	HNJD17	井戸金町	５便	坂上町西	15:03			
23204	HNJD00	本地線（下り）	HNJD17	井戸金町	６便	坂上町西	16:15			
23204	HNJD00	本地線（下り）	HNJD17	井戸金町	７便	坂上町西	17:22			
23204	HNJD00	本地線（下り）	HNJD18	坂上町西	１便	立花	9:30			
23204	HNJD00	本地線（下り）	HNJD18	坂上町西	２便	立花	10:40			
23204	HNJD00	本地線（下り）	HNJD18	坂上町西	３便	立花	11:52			
23204	HNJD00	本地線（下り）	HNJD18	坂上町西	４便	立花	13:27			
23204	HNJD00	本地線（下り）	HNJD18	坂上町西	５便	立花	15:04			
23204	HNJD00	本地線（下り）	HNJD18	坂上町西	６便	立花	16:16			
23204	HNJD00	本地線（下り）	HNJD18	坂上町西	７便	立花	17:23			
23204	HNJD00	本地線（下り）	HNJD19	立花	１便	愛知医大	9:34			
23204	HNJD00	本地線（下り）	HNJD19	立花	２便	愛知医大	10:44			
23204	HNJD00	本地線（下り）	HNJD19	立花	３便	愛知医大	11:56			
23204	HNJD00	本地線（下り）	HNJD19	立花	４便	愛知医大	13:31			
23204	HNJD00	本地線（下り）	HNJD19	立花	５便	愛知医大	15:08			
23204	HNJD00	本地線（下り）	HNJD19	立花	６便	愛知医大	16:20			
23204	HNJD00	本地線（下り）	HNJD19	立花	７便	愛知医大	17:27			
23204	UYMU00	上之山線（上り）	UYMU01	八草駅	１便	上之山町	8:02			UYMU00
23204	UYMU00	上之山線（上り）	UYMU01	八草駅	２便	上之山町	9:35			
23204	UYMU00	上之山線（上り）	UYMU01	八草駅	３便	上之山町	10:55			
23204	UYMU00	上之山線（上り）	UYMU01	八草駅	４便	上之山町	12:25			
23204	UYMU00	上之山線（上り）	UYMU01	八草駅	５便	上之山町	13:42			
23204	UYMU00	上之山線（上り）	UYMU01	八草駅	６便	上之山町	15:01			
23204	UYMU00	上之山線（上り）	UYMU01	八草駅	７便	上之山町	16:26			
23204	UYMU00	上之山線（上り）	UYMU01	八草駅	８便	上之山町	17:54			
23204	UYMU00	上之山線（上り）	UYMU02	上之山町	１便	愛・パーク	8:03			
23204	UYMU00	上之山線（上り）	UYMU02	上之山町	２便	愛・パーク	9:36			
23204	UYMU00	上之山線（上り）	UYMU02	上之山町	３便	愛・パーク	10:56			
23204	UYMU00	上之山線（上り）	UYMU02	上之山町	４便	愛・パーク	12:26			
23204	UYMU00	上之山線（上り）	UYMU02	上之山町	５便	愛・パーク	13:43			
23204	UYMU00	上之山線（上り）	UYMU02	上之山町	６便	愛・パーク	15:02			
23204	UYMU00	上之山線（上り）	UYMU02	上之山町	７便	愛・パーク	16:27			
23204	UYMU00	上之山線（上り）	UYMU02	上之山町	８便	愛・パーク	17:55			
23204	UYMU00	上之山線（上り）	UYMU03	愛・パーク	１便	サンヒル上之山	8:04			
23204	UYMU00	上之山線（上り）	UYMU03	愛・パーク	２便	サンヒル上之山	9:37			
23204	UYMU00	上之山線（上り）	UYMU03	愛・パーク	３便	サンヒル上之山	10:57			
23204	UYMU00	上之山線（上り）	UYMU03	愛・パーク	４便	サンヒル上之山	12:27			
23204	UYMU00	上之山線（上り）	UYMU03	愛・パーク	５便	サンヒル上之山	13:44			
23204	UYMU00	上之山線（上り）	UYMU03	愛・パーク	６便	サンヒル上之山	15:03			
23204	UYMU00	上之山線（上り）	UYMU03	愛・パーク	７便	サンヒル上之山	16:28			
23204	UYMU00	上之山線（上り）	UYMU03	愛・パーク	８便	サンヒル上之山	17:56			
23204	UYMU00	上之山線（上り）	UYMU04	サンヒル上之山	１便	上之山町２丁目	8:06			
23204	UYMU00	上之山線（上り）	UYMU04	サンヒル上之山	２便	上之山町２丁目	9:39			
23204	UYMU00	上之山線（上り）	UYMU04	サンヒル上之山	３便	上之山町２丁目	10:59			
23204	UYMU00	上之山線（上り）	UYMU04	サンヒル上之山	４便	上之山町２丁目	12:29			
23204	UYMU00	上之山線（上り）	UYMU04	サンヒル上之山	５便	上之山町２丁目	13:46			
23204	UYMU00	上之山線（上り）	UYMU04	サンヒル上之山	６便	上之山町２丁目	15:05			
23204	UYMU00	上之山線（上り）	UYMU04	サンヒル上之山	７便	上之山町２丁目	16:30			
23204	UYMU00	上之山線（上り）	UYMU04	サンヒル上之山	８便	上之山町２丁目	17:58			
23204	UYMU00	上之山線（上り）	UYMU05	上之山町２丁目	１便	大坪町	8:06			
23204	UYMU00	上之山線（上り）	UYMU05	上之山町２丁目	２便	大坪町	9:39			
23204	UYMU00	上之山線（上り）	UYMU05	上之山町２丁目	３便	大坪町	10:59			
23204	UYMU00	上之山線（上り）	UYMU05	上之山町２丁目	４便	大坪町	12:29			
23204	UYMU00	上之山線（上り）	UYMU05	上之山町２丁目	５便	大坪町	13:46			
23204	UYMU00	上之山線（上り）	UYMU05	上之山町２丁目	６便	大坪町	15:05			
23204	UYMU00	上之山線（上り）	UYMU05	上之山町２丁目	７便	大坪町	16:30			
23204	UYMU00	上之山線（上り）	UYMU05	上之山町２丁目	８便	大坪町	17:58			
23204	UYMU00	上之山線（上り）	UYMU06	大坪町	１便	山口駅	8:07			
23204	UYMU00	上之山線（上り）	UYMU06	大坪町	２便	山口駅	9:40			
23204	UYMU00	上之山線（上り）	UYMU06	大坪町	３便	山口駅	11:00			
23204	UYMU00	上之山線（上り）	UYMU06	大坪町	４便	山口駅	12:30			
23204	UYMU00	上之山線（上り）	UYMU06	大坪町	５便	山口駅	13:47			
23204	UYMU00	上之山線（上り）	UYMU06	大坪町	６便	山口駅	15:06			
23204	UYMU00	上之山線（上り）	UYMU06	大坪町	７便	山口駅	16:31			
23204	UYMU00	上之山線（上り）	UYMU06	大坪町	８便	山口駅	17:59			
23204	UYMU00	上之山線（上り）	UYMU07	山口駅	１便	八幡社前	8:09			
23204	UYMU00	上之山線（上り）	UYMU07	山口駅	２便	八幡町	9:42			
23204	UYMU00	上之山線（上り）	UYMU07	山口駅	３便	八幡社前	11:02			
23204	UYMU00	上之山線（上り）	UYMU07	山口駅	４便	八幡町	12:32			
23204	UYMU00	上之山線（上り）	UYMU07	山口駅	５便	八幡社前	13:49			
23204	UYMU00	上之山線（上り）	UYMU07	山口駅	６便	八幡社前	15:08			
23204	UYMU00	上之山線（上り）	UYMU07	山口駅	７便	八幡社前	16:33			
23204	UYMU00	上之山線（上り）	UYMU07	山口駅	８便	八幡社前	18:01			
23204	UYMU00	上之山線（上り）	UYMU08	八幡町	２便	宝ヶ丘町	9:44			
23204	UYMU00	上之山線（上り）	UYMU08	八幡町	４便	宝ヶ丘町	12:34			
23204	UYMU00	上之山線（上り）	UYMU09	宝ヶ丘町	２便	萩殿町	9:45			
23204	UYMU00	上之山線（上り）	UYMU09	宝ヶ丘町	４便	萩殿町	12:35			
23204	UYMU00	上之山線（上り）	UYMU10	萩殿町	２便	西蔵所	9:47			
23204	UYMU00	上之山線（上り）	UYMU10	萩殿町	４便	西蔵所	12:37			
23204	UYMU00	上之山線（上り）	UYMU11	八幡社前	１便	山口郵便局	8:10			
23204	UYMU00	上之山線（上り）	UYMU11	八幡社前	３便	山口郵便局	11:03			
23204	UYMU00	上之山線（上り）	UYMU11	八幡社前	５便	山口郵便局	13:50			
23204	UYMU00	上之山線（上り）	UYMU11	八幡社前	６便	山口郵便局	15:09			
23204	UYMU00	上之山線（上り）	UYMU11	八幡社前	７便	山口郵便局	16:34			
23204	UYMU00	上之山線（上り）	UYMU11	八幡社前	８便	山口郵便局	18:02			
23204	UYMU00	上之山線（上り）	UYMU12	山口郵便局	１便	今林町	8:11			
23204	UYMU00	上之山線（上り）	UYMU12	山口郵便局	３便	今林町	11:04			
23204	UYMU00	上之山線（上り）	UYMU12	山口郵便局	５便	今林町	13:51			
23204	UYMU00	上之山線（上り）	UYMU12	山口郵便局	６便	今林町	15:10			
23204	UYMU00	上之山線（上り）	UYMU12	山口郵便局	７便	今林町	16:35			
23204	UYMU00	上之山線（上り）	UYMU12	山口郵便局	８便	今林町	18:03			
23204	UYMU00	上之山線（上り）	UYMU13	今林町	１便	石田町	8:11			
23204	UYMU00	上之山線（上り）	UYMU13	今林町	３便	石田町	11:04			
23204	UYMU00	上之山線（上り）	UYMU13	今林町	５便	石田町	13:51			
23204	UYMU00	上之山線（上り）	UYMU13	今林町	６便	石田町	15:10			
23204	UYMU00	上之山線（上り）	UYMU13	今林町	７便	石田町	16:35			
23204	UYMU00	上之山線（上り）	UYMU13	今林町	８便	石田町	18:03			
23204	UYMU00	上之山線（上り）	UYMU14	石田町	１便	幡山橋西	8:13			
23204	UYMU00	上之山線（上り）	UYMU14	石田町	３便	幡山橋西	11:06			
23204	UYMU00	上之山線（上り）	UYMU14	石田町	５便	幡山橋西	13:53			
23204	UYMU00	上之山線（上り）	UYMU14	石田町	６便	幡山橋西	15:12			
23204	UYMU00	上之山線（上り）	UYMU14	石田町	７便	幡山橋西	16:37			
23204	UYMU00	上之山線（上り）	UYMU14	石田町	８便	幡山橋西	18:05			
23204	UYMU00	上之山線（上り）	UYMU15	幡山橋西	１便	西米泉町	8:14			
23204	UYMU00	上之山線（上り）	UYMU15	幡山橋西	３便	西米泉町	11:07			
23204	UYMU00	上之山線（上り）	UYMU15	幡山橋西	５便	西米泉町	13:54			
23204	UYMU00	上之山線（上り）	UYMU15	幡山橋西	６便	西米泉町	15:13			
23204	UYMU00	上之山線（上り）	UYMU15	幡山橋西	７便	西米泉町	16:38			
23204	UYMU00	上之山線（上り）	UYMU15	幡山橋西	８便	西米泉町	18:06			
23204	UYMU00	上之山線（上り）	UYMU16	西米泉町	１便	幡山支所	8:15			
23204	UYMU00	上之山線（上り）	UYMU16	西米泉町	３便	幡山支所	11:08			
23204	UYMU00	上之山線（上り）	UYMU16	西米泉町	５便	幡山支所	13:55			
23204	UYMU00	上之山線（上り）	UYMU16	西米泉町	６便	幡山支所	15:14			
23204	UYMU00	上之山線（上り）	UYMU16	西米泉町	７便	幡山支所	16:39			
23204	UYMU00	上之山線（上り）	UYMU16	西米泉町	８便	幡山支所	18:07			
23204	UYMU00	上之山線（上り）	UYMU17	幡山支所	１便	瀬戸口駅	8:16			
23204	UYMU00	上之山線（上り）	UYMU17	幡山支所	３便	瀬戸口駅	11:09			
23204	UYMU00	上之山線（上り）	UYMU17	幡山支所	５便	瀬戸口駅	13:56			
23204	UYMU00	上之山線（上り）	UYMU17	幡山支所	６便	瀬戸口駅	15:15			
23204	UYMU00	上之山線（上り）	UYMU17	幡山支所	７便	瀬戸口駅	16:40			
23204	UYMU00	上之山線（上り）	UYMU17	幡山支所	８便	瀬戸口駅	18:08			
23204	UYMU00	上之山線（上り）	UYMU18	瀬戸口駅	１便	瀬戸口駅北口	8:19			
23204	UYMU00	上之山線（上り）	UYMU18	瀬戸口駅	３便	瀬戸口駅北口	11:12			
23204	UYMU00	上之山線（上り）	UYMU18	瀬戸口駅	５便	瀬戸口駅北口	13:59			
23204	UYMU00	上之山線（上り）	UYMU18	瀬戸口駅	６便	瀬戸口駅北口	15:18			
23204	UYMU00	上之山線（上り）	UYMU18	瀬戸口駅	７便	瀬戸口駅北口	16:43			
23204	UYMU00	上之山線（上り）	UYMU18	瀬戸口駅	８便	瀬戸口駅北口	18:11			
23204	UYMU00	上之山線（上り）	UYMU19	瀬戸口駅北口	１便	緑町	8:26			
23204	UYMU00	上之山線（上り）	UYMU19	瀬戸口駅北口	３便	緑町	11:15			
23204	UYMU00	上之山線（上り）	UYMU19	瀬戸口駅北口	５便	緑町	14:02			
23204	UYMU00	上之山線（上り）	UYMU19	瀬戸口駅北口	６便	緑町	15:21			
23204	UYMU00	上之山線（上り）	UYMU19	瀬戸口駅北口	７便	緑町	16:46			
23204	UYMU00	上之山線（上り）	UYMU19	瀬戸口駅北口	８便	緑町	18:14			
23204	UYMU00	上之山線（上り）	UYMU20	緑町	１便	東赤重町	8:28			
23204	UYMU00	上之山線（上り）	UYMU20	緑町	３便	東赤重町	11:17			
23204	UYMU00	上之山線（上り）	UYMU20	緑町	５便	東赤重町	14:04			
23204	UYMU00	上之山線（上り）	UYMU20	緑町	６便	東赤重町	15:23			
23204	UYMU00	上之山線（上り）	UYMU20	緑町	７便	東赤重町	16:48			
23204	UYMU00	上之山線（上り）	UYMU20	緑町	８便	東赤重町	18:16			
23204	UYMU00	上之山線（上り）	UYMU21	東赤重町	１便	幡野町北	8:29			
23204	UYMU00	上之山線（上り）	UYMU21	東赤重町	３便	幡野町北	11:18			
23204	UYMU00	上之山線（上り）	UYMU21	東赤重町	５便	幡野町北	14:05			
23204	UYMU00	上之山線（上り）	UYMU21	東赤重町	６便	幡野町北	15:24			
23204	UYMU00	上之山線（上り）	UYMU21	東赤重町	７便	幡野町北	16:49			
23204	UYMU00	上之山線（上り）	UYMU21	東赤重町	８便	幡野町北	18:17			
23204	UYMU00	上之山線（上り）	UYMU22	幡野町北	１便	水無瀬中学校	8:30			
23204	UYMU00	上之山線（上り）	UYMU22	幡野町北	３便	水無瀬中学校	11:19			
23204	UYMU00	上之山線（上り）	UYMU22	幡野町北	５便	水無瀬中学校	14:06			
23204	UYMU00	上之山線（上り）	UYMU22	幡野町北	６便	水無瀬中学校	15:25			
23204	UYMU00	上之山線（上り）	UYMU22	幡野町北	７便	水無瀬中学校	16:50			
23204	UYMU00	上之山線（上り）	UYMU22	幡野町北	８便	水無瀬中学校	18:18			
23204	UYMU00	上之山線（上り）	UYMU23	水無瀬中学校	１便	文化センター	8:31			
23204	UYMU00	上之山線（上り）	UYMU23	水無瀬中学校	３便	文化センター	11:20			
23204	UYMU00	上之山線（上り）	UYMU23	水無瀬中学校	５便	文化センター	14:07			
23204	UYMU00	上之山線（上り）	UYMU23	水無瀬中学校	６便	文化センター	15:26			
23204	UYMU00	上之山線（上り）	UYMU23	水無瀬中学校	７便	文化センター	16:51			
23204	UYMU00	上之山線（上り）	UYMU23	水無瀬中学校	８便	文化センター	18:19			
23204	UYMU00	上之山線（上り）	UYMU24	文化センター	１便	西蔵所	8:32			
23204	UYMU00	上之山線（上り）	UYMU24	文化センター	３便	西蔵所	11:21			
23204	UYMU00	上之山線（上り）	UYMU24	文化センター	５便	西蔵所	14:08			
23204	UYMU00	上之山線（上り）	UYMU24	文化センター	６便	西蔵所	15:27			
23204	UYMU00	上之山線（上り）	UYMU24	文化センター	７便	西蔵所	16:52			
23204	UYMU00	上之山線（上り）	UYMU24	文化センター	８便	西蔵所	18:20			
23204	UYMU00	上之山線（上り）	UYMU25	西蔵所	１便	瀬戸駅前	8:34			
23204	UYMU00	上之山線（上り）	UYMU25	西蔵所	２便	瀬戸駅前	9:50			
23204	UYMU00	上之山線（上り）	UYMU25	西蔵所	３便	瀬戸駅前	11:23			
23204	UYMU00	上之山線（上り）	UYMU25	西蔵所	４便	瀬戸駅前	12:40			
23204	UYMU00	上之山線（上り）	UYMU25	西蔵所	５便	瀬戸駅前	14:10			
23204	UYMU00	上之山線（上り）	UYMU25	西蔵所	６便	瀬戸駅前	15:29			
23204	UYMU00	上之山線（上り）	UYMU25	西蔵所	７便	瀬戸駅前	16:54			
23204	UYMU00	上之山線（上り）	UYMU25	西蔵所	８便	瀬戸駅前	18:22			
23204	UYMD00	上之山線（下り）	UYMD01	瀬戸駅前	１便	西蔵所	8:55			UYMD00
23204	UYMD00	上之山線（下り）	UYMD01	瀬戸駅前	２便	西蔵所	10:05			
23204	UYMD00	上之山線（下り）	UYMD01	瀬戸駅前	３便	西蔵所	11:35			
23204	UYMD00	上之山線（下り）	UYMD01	瀬戸駅前	４便	西蔵所	12:52			
23204	UYMD00	上之山線（下り）	UYMD01	瀬戸駅前	５便	西蔵所	14:22			
23204	UYMD00	上之山線（下り）	UYMD01	瀬戸駅前	６便	西蔵所	15:41			
23204	UYMD00	上之山線（下り）	UYMD01	瀬戸駅前	７便	西蔵所	17:09			
23204	UYMD00	上之山線（下り）	UYMD01	瀬戸駅前	８便	西蔵所	18:29			
23204	UYMD00	上之山線（下り）	UYMD02	西蔵所	１便	文化センター	8:56			
23204	UYMD00	上之山線（下り）	UYMD02	西蔵所	２便	文化センター	10:06			
23204	UYMD00	上之山線（下り）	UYMD02	西蔵所	３便	萩殿町	11:36			
23204	UYMD00	上之山線（下り）	UYMD02	西蔵所	４便	文化センター	12:53			
23204	UYMD00	上之山線（下り）	UYMD02	西蔵所	５便	文化センター	14:23			
23204	UYMD00	上之山線（下り）	UYMD02	西蔵所	６便	文化センター	15:42			
23204	UYMD00	上之山線（下り）	UYMD02	西蔵所	７便	文化センター	17:10			
23204	UYMD00	上之山線（下り）	UYMD02	西蔵所	８便	萩殿町	18:30			
23204	UYMD00	上之山線（下り）	UYMD03	文化センター	１便	水無瀬中学校	8:58			
23204	UYMD00	上之山線（下り）	UYMD03	文化センター	２便	水無瀬中学校	10:08			
23204	UYMD00	上之山線（下り）	UYMD03	文化センター	４便	水無瀬中学校	12:55			
23204	UYMD00	上之山線（下り）	UYMD03	文化センター	５便	水無瀬中学校	14:25			
23204	UYMD00	上之山線（下り）	UYMD03	文化センター	６便	水無瀬中学校	15:44			
23204	UYMD00	上之山線（下り）	UYMD03	文化センター	７便	水無瀬中学校	17:12			
23204	UYMD00	上之山線（下り）	UYMD04	水無瀬中学校	１便	幡野町北	8:59			
23204	UYMD00	上之山線（下り）	UYMD04	水無瀬中学校	２便	幡野町北	10:09			
23204	UYMD00	上之山線（下り）	UYMD04	水無瀬中学校	４便	幡野町北	12:56			
23204	UYMD00	上之山線（下り）	UYMD04	水無瀬中学校	５便	幡野町北	14:26			
23204	UYMD00	上之山線（下り）	UYMD04	水無瀬中学校	６便	幡野町北	15:45			
23204	UYMD00	上之山線（下り）	UYMD04	水無瀬中学校	７便	幡野町北	17:13			
23204	UYMD00	上之山線（下り）	UYMD05	幡野町北	１便	東赤重町	9:00			
23204	UYMD00	上之山線（下り）	UYMD05	幡野町北	２便	東赤重町	10:10			
23204	UYMD00	上之山線（下り）	UYMD05	幡野町北	４便	東赤重町	12:57			
23204	UYMD00	上之山線（下り）	UYMD05	幡野町北	５便	東赤重町	14:27			
23204	UYMD00	上之山線（下り）	UYMD05	幡野町北	６便	東赤重町	15:46			
23204	UYMD00	上之山線（下り）	UYMD05	幡野町北	７便	東赤重町	17:14			
23204	UYMD00	上之山線（下り）	UYMD06	東赤重町	１便	緑町	9:01			
23204	UYMD00	上之山線（下り）	UYMD06	東赤重町	２便	緑町	10:11			
23204	UYMD00	上之山線（下り）	UYMD06	東赤重町	４便	緑町	12:58			
23204	UYMD00	上之山線（下り）	UYMD06	東赤重町	５便	緑町	14:28			
23204	UYMD00	上之山線（下り）	UYMD06	東赤重町	６便	緑町	15:47			
23204	UYMD00	上之山線（下り）	UYMD06	東赤重町	７便	緑町	17:15			
23204	UYMD00	上之山線（下り）	UYMD07	緑町	１便	瀬戸口駅北口	9:03			
23204	UYMD00	上之山線（下り）	UYMD07	緑町	２便	瀬戸口駅北口	10:13			
23204	UYMD00	上之山線（下り）	UYMD07	緑町	４便	瀬戸口駅北口	13:00			
23204	UYMD00	上之山線（下り）	UYMD07	緑町	５便	瀬戸口駅北口	14:30			
23204	UYMD00	上之山線（下り）	UYMD07	緑町	６便	瀬戸口駅北口	15:49			
23204	UYMD00	上之山線（下り）	UYMD07	緑町	７便	瀬戸口駅北口	17:17			
23204	UYMD00	上之山線（下り）	UYMD08	瀬戸口駅北口	１便	瀬戸口駅	9:05			
23204	UYMD00	上之山線（下り）	UYMD08	瀬戸口駅北口	２便	瀬戸口駅	10:15			
23204	UYMD00	上之山線（下り）	UYMD08	瀬戸口駅北口	４便	瀬戸口駅	13:02			
23204	UYMD00	上之山線（下り）	UYMD08	瀬戸口駅北口	５便	瀬戸口駅	14:32			
23204	UYMD00	上之山線（下り）	UYMD08	瀬戸口駅北口	６便	瀬戸口駅	15:51			
23204	UYMD00	上之山線（下り）	UYMD08	瀬戸口駅北口	７便	瀬戸口駅	17:19			
23204	UYMD00	上之山線（下り）	UYMD09	瀬戸口駅	１便	幡山支所	9:08			
23204	UYMD00	上之山線（下り）	UYMD09	瀬戸口駅	２便	幡山支所	10:18			
23204	UYMD00	上之山線（下り）	UYMD09	瀬戸口駅	４便	幡山支所	13:05			
23204	UYMD00	上之山線（下り）	UYMD09	瀬戸口駅	５便	幡山支所	14:35			
23204	UYMD00	上之山線（下り）	UYMD09	瀬戸口駅	６便	幡山支所	15:54			
23204	UYMD00	上之山線（下り）	UYMD09	瀬戸口駅	７便	幡山支所	17:22			
23204	UYMD00	上之山線（下り）	UYMD10	幡山支所	１便	西米泉町	9:11			
23204	UYMD00	上之山線（下り）	UYMD10	幡山支所	２便	西米泉町	10:21			
23204	UYMD00	上之山線（下り）	UYMD10	幡山支所	４便	西米泉町	13:08			
23204	UYMD00	上之山線（下り）	UYMD10	幡山支所	５便	西米泉町	14:38			
23204	UYMD00	上之山線（下り）	UYMD10	幡山支所	６便	西米泉町	15:57			
23204	UYMD00	上之山線（下り）	UYMD10	幡山支所	７便	西米泉町	17:25			
23204	UYMD00	上之山線（下り）	UYMD11	西米泉町	１便	幡山橋西	9:12			
23204	UYMD00	上之山線（下り）	UYMD11	西米泉町	２便	幡山橋西	10:22			
23204	UYMD00	上之山線（下り）	UYMD11	西米泉町	４便	幡山橋西	13:09			
23204	UYMD00	上之山線（下り）	UYMD11	西米泉町	５便	幡山橋西	14:39			
23204	UYMD00	上之山線（下り）	UYMD11	西米泉町	６便	幡山橋西	15:58			
23204	UYMD00	上之山線（下り）	UYMD11	西米泉町	７便	幡山橋西	17:26			
23204	UYMD00	上之山線（下り）	UYMD12	幡山橋西	１便	石田町	9:12			
23204	UYMD00	上之山線（下り）	UYMD12	幡山橋西	２便	石田町	10:22			
23204	UYMD00	上之山線（下り）	UYMD12	幡山橋西	４便	石田町	13:09			
23204	UYMD00	上之山線（下り）	UYMD12	幡山橋西	５便	石田町	14:39			
23204	UYMD00	上之山線（下り）	UYMD12	幡山橋西	６便	石田町	15:58			
23204	UYMD00	上之山線（下り）	UYMD12	幡山橋西	７便	石田町	17:26			
23204	UYMD00	上之山線（下り）	UYMD13	石田町	１便	今林町	9:14			
23204	UYMD00	上之山線（下り）	UYMD13	石田町	２便	今林町	10:24			
23204	UYMD00	上之山線（下り）	UYMD13	石田町	４便	今林町	13:11			
23204	UYMD00	上之山線（下り）	UYMD13	石田町	５便	今林町	14:41			
23204	UYMD00	上之山線（下り）	UYMD13	石田町	６便	今林町	16:00			
23204	UYMD00	上之山線（下り）	UYMD13	石田町	７便	今林町	17:28			
23204	UYMD00	上之山線（下り）	UYMD14	今林町	１便	山口郵便局	9:15			
23204	UYMD00	上之山線（下り）	UYMD14	今林町	２便	山口郵便局	10:25			
23204	UYMD00	上之山線（下り）	UYMD14	今林町	４便	山口郵便局	13:12			
23204	UYMD00	上之山線（下り）	UYMD14	今林町	５便	山口郵便局	14:42			
23204	UYMD00	上之山線（下り）	UYMD14	今林町	６便	山口郵便局	16:01			
23204	UYMD00	上之山線（下り）	UYMD14	今林町	７便	山口郵便局	17:29			
23204	UYMD00	上之山線（下り）	UYMD15	山口郵便局	１便	八幡社前	9:16			
23204	UYMD00	上之山線（下り）	UYMD15	山口郵便局	２便	八幡社前	10:26			
23204	UYMD00	上之山線（下り）	UYMD15	山口郵便局	４便	八幡社前	13:13			
23204	UYMD00	上之山線（下り）	UYMD15	山口郵便局	５便	八幡社前	14:43			
23204	UYMD00	上之山線（下り）	UYMD15	山口郵便局	６便	八幡社前	16:02			
23204	UYMD00	上之山線（下り）	UYMD15	山口郵便局	７便	八幡社前	17:30			
23204	UYMD00	上之山線（下り）	UYMD16	八幡社前	１便	山口駅	9:16			
23204	UYMD00	上之山線（下り）	UYMD16	八幡社前	２便	山口駅	10:26			
23204	UYMD00	上之山線（下り）	UYMD16	八幡社前	４便	山口駅	13:13			
23204	UYMD00	上之山線（下り）	UYMD16	八幡社前	５便	山口駅	14:43			
23204	UYMD00	上之山線（下り）	UYMD16	八幡社前	６便	山口駅	16:02			
23204	UYMD00	上之山線（下り）	UYMD16	八幡社前	７便	山口駅	17:30			
23204	UYMD00	上之山線（下り）	UYMD17	萩殿町	３便	宝ヶ丘町	11:38			
23204	UYMD00	上之山線（下り）	UYMD17	萩殿町	８便	宝ヶ丘町	18:32			
23204	UYMD00	上之山線（下り）	UYMD18	宝ヶ丘町	３便	八幡町	11:40			
23204	UYMD00	上之山線（下り）	UYMD18	宝ヶ丘町	８便	八幡町	18:34			
23204	UYMD00	上之山線（下り）	UYMD19	八幡町	３便	山口駅	11:41			
23204	UYMD00	上之山線（下り）	UYMD19	八幡町	８便	山口駅	18:35			
23204	UYMD00	上之山線（下り）	UYMD20	山口駅	１便	大坪町	9:19			
23204	UYMD00	上之山線（下り）	UYMD20	山口駅	２便	大坪町	10:29			
23204	UYMD00	上之山線（下り）	UYMD20	山口駅	３便	大坪町	11:43			
23204	UYMD00	上之山線（下り）	UYMD20	山口駅	４便	大坪町	13:16			
23204	UYMD00	上之山線（下り）	UYMD20	山口駅	５便	大坪町	14:46			
23204	UYMD00	上之山線（下り）	UYMD20	山口駅	６便	大坪町	16:05			
23204	UYMD00	上之山線（下り）	UYMD20	山口駅	７便	大坪町	17:33			
23204	UYMD00	上之山線（下り）	UYMD20	山口駅	８便	大坪町	18:37			
23204	UYMD00	上之山線（下り）	UYMD21	大坪町	１便	上之山町２丁目	9:19			
23204	UYMD00	上之山線（下り）	UYMD21	大坪町	２便	上之山町２丁目	10:29			
23204	UYMD00	上之山線（下り）	UYMD21	大坪町	３便	上之山町２丁目	11:43			
23204	UYMD00	上之山線（下り）	UYMD21	大坪町	４便	上之山町２丁目	13:16			
23204	UYMD00	上之山線（下り）	UYMD21	大坪町	５便	上之山町２丁目	14:46			
23204	UYMD00	上之山線（下り）	UYMD21	大坪町	６便	上之山町２丁目	16:05			
23204	UYMD00	上之山線（下り）	UYMD21	大坪町	７便	上之山町２丁目	17:33			
23204	UYMD00	上之山線（下り）	UYMD21	大坪町	８便	上之山町２丁目	18:37			
23204	UYMD00	上之山線（下り）	UYMD22	上之山町２丁目	１便	サンヒル上之山	9:20			
23204	UYMD00	上之山線（下り）	UYMD22	上之山町２丁目	２便	サンヒル上之山	10:30			
23204	UYMD00	上之山線（下り）	UYMD22	上之山町２丁目	３便	サンヒル上之山	11:44			
23204	UYMD00	上之山線（下り）	UYMD22	上之山町２丁目	４便	サンヒル上之山	13:17			
23204	UYMD00	上之山線（下り）	UYMD22	上之山町２丁目	５便	サンヒル上之山	14:47			
23204	UYMD00	上之山線（下り）	UYMD22	上之山町２丁目	６便	サンヒル上之山	16:06			
23204	UYMD00	上之山線（下り）	UYMD22	上之山町２丁目	７便	サンヒル上之山	17:34			
23204	UYMD00	上之山線（下り）	UYMD22	上之山町２丁目	８便	サンヒル上之山	18:38			
23204	UYMD00	上之山線（下り）	UYMD23	サンヒル上之山	１便	愛・パーク	9:22			
23204	UYMD00	上之山線（下り）	UYMD23	サンヒル上之山	２便	愛・パーク	10:32			
23204	UYMD00	上之山線（下り）	UYMD23	サンヒル上之山	３便	愛・パーク	11:46			
23204	UYMD00	上之山線（下り）	UYMD23	サンヒル上之山	４便	愛・パーク	13:19			
23204	UYMD00	上之山線（下り）	UYMD23	サンヒル上之山	５便	愛・パーク	14:49			
23204	UYMD00	上之山線（下り）	UYMD23	サンヒル上之山	６便	愛・パーク	16:08			
23204	UYMD00	上之山線（下り）	UYMD23	サンヒル上之山	７便	愛・パーク	17:36			
23204	UYMD00	上之山線（下り）	UYMD23	サンヒル上之山	８便	愛・パーク	18:40			
23204	UYMD00	上之山線（下り）	UYMD24	愛・パーク	１便	上之山町	9:22			
23204	UYMD00	上之山線（下り）	UYMD24	愛・パーク	２便	上之山町	10:32			
23204	UYMD00	上之山線（下り）	UYMD24	愛・パーク	３便	上之山町	11:46			
23204	UYMD00	上之山線（下り）	UYMD24	愛・パーク	４便	上之山町	13:19			
23204	UYMD00	上之山線（下り）	UYMD24	愛・パーク	５便	上之山町	14:49			
23204	UYMD00	上之山線（下り）	UYMD24	愛・パーク	６便	上之山町	16:08			
23204	UYMD00	上之山線（下り）	UYMD24	愛・パーク	７便	上之山町	17:36			
23204	UYMD00	上之山線（下り）	UYMD24	愛・パーク	８便	上之山町	18:40			
23204	UYMD00	上之山線（下り）	UYMD25	上之山町	１便	八草駅	9:24			
23204	UYMD00	上之山線（下り）	UYMD25	上之山町	２便	八草駅	10:34			
23204	UYMD00	上之山線（下り）	UYMD25	上之山町	３便	八草駅	11:48			
23204	UYMD00	上之山線（下り）	UYMD25	上之山町	４便	八草駅	13:21			
23204	UYMD00	上之山線（下り）	UYMD25	上之山町	５便	八草駅	14:51			
23204	UYMD00	上之山線（下り）	UYMD25	上之山町	６便	八草駅	16:10			
23204	UYMD00	上之山線（下り）	UYMD25	上之山町	７便	八草駅	17:38			
23204	UYMD00	上之山線（下り）	UYMD25	上之山町	８便	八草駅	18:42			
23204	KHNU00	こうはん線（上り）	KHNU01	イオン瀬戸みずの店	１便	コミュニティききょう台	8:00			KHNU00
23204	KHNU00	こうはん線（上り）	KHNU01	イオン瀬戸みずの店	２便	コミュニティききょう台	9:52			
23204	KHNU00	こうはん線（上り）	KHNU01	イオン瀬戸みずの店	３便	コミュニティききょう台	11:44			
23204	KHNU00	こうはん線（上り）	KHNU01	イオン瀬戸みずの店	４便	コミュニティききょう台	13:54			
23204	KHNU00	こうはん線（上り）	KHNU01	イオン瀬戸みずの店	５便	コミュニティききょう台	15:22			
23204	KHNU00	こうはん線（上り）	KHNU01	イオン瀬戸みずの店	６便	コミュニティききょう台	16:50			
23204	KHNU00	こうはん線（上り）	KHNU02	コミュニティききょう台	１便	すみれ台	8:03			
23204	KHNU00	こうはん線（上り）	KHNU02	コミュニティききょう台	２便	すみれ台	9:55			
23204	KHNU00	こうはん線（上り）	KHNU02	コミュニティききょう台	３便	すみれ台	11:47			
23204	KHNU00	こうはん線（上り）	KHNU02	コミュニティききょう台	４便	すみれ台	13:57			
23204	KHNU00	こうはん線（上り）	KHNU02	コミュニティききょう台	５便	すみれ台	15:25			
23204	KHNU00	こうはん線（上り）	KHNU02	コミュニティききょう台	６便	すみれ台	16:53			
23204	KHNU00	こうはん線（上り）	KHNU03	すみれ台	１便	さつき台	8:04			
23204	KHNU00	こうはん線（上り）	KHNU03	すみれ台	２便	さつき台	9:56			
23204	KHNU00	こうはん線（上り）	KHNU03	すみれ台	３便	さつき台	11:48			
23204	KHNU00	こうはん線（上り）	KHNU03	すみれ台	４便	さつき台	13:58			
23204	KHNU00	こうはん線（上り）	KHNU03	すみれ台	５便	さつき台	15:26			
23204	KHNU00	こうはん線（上り）	KHNU03	すみれ台	６便	さつき台	16:54			
23204	KHNU00	こうはん線（上り）	KHNU04	さつき台	１便	ひまわり台	8:06			
23204	KHNU00	こうはん線（上り）	KHNU04	さつき台	２便	ひまわり台	9:58			
23204	KHNU00	こうはん線（上り）	KHNU04	さつき台	３便	ひまわり台	11:50			
23204	KHNU00	こうはん線（上り）	KHNU04	さつき台	４便	ひまわり台	14:00			
23204	KHNU00	こうはん線（上り）	KHNU04	さつき台	５便	ひまわり台	15:28			
23204	KHNU00	こうはん線（上り）	KHNU04	さつき台	６便	ひまわり台	16:56			
23204	KHNU00	こうはん線（上り）	KHNU05	ひまわり台	１便	やまて坂	8:07			
23204	KHNU00	こうはん線（上り）	KHNU05	ひまわり台	２便	やまて坂	9:59			
23204	KHNU00	こうはん線（上り）	KHNU05	ひまわり台	３便	やまて坂	11:51			
23204	KHNU00	こうはん線（上り）	KHNU05	ひまわり台	４便	やまて坂	14:01			
23204	KHNU00	こうはん線（上り）	KHNU05	ひまわり台	５便	やまて坂	15:29			
23204	KHNU00	こうはん線（上り）	KHNU05	ひまわり台	６便	やまて坂	16:57			
23204	KHNU00	こうはん線（上り）	KHNU06	やまて坂	１便	東山小学校	8:08			
23204	KHNU00	こうはん線（上り）	KHNU06	やまて坂	２便	東山小学校	10:00			
23204	KHNU00	こうはん線（上り）	KHNU06	やまて坂	３便	東山小学校	11:52			
23204	KHNU00	こうはん線（上り）	KHNU06	やまて坂	４便	東山小学校	14:02			
23204	KHNU00	こうはん線（上り）	KHNU06	やまて坂	５便	東山小学校	15:30			
23204	KHNU00	こうはん線（上り）	KHNU06	やまて坂	６便	東山小学校	16:58			
23204	KHNU00	こうはん線（上り）	KHNU07	東山小学校	１便	東山町	8:09			
23204	KHNU00	こうはん線（上り）	KHNU07	東山小学校	２便	東山町	10:01			
23204	KHNU00	こうはん線（上り）	KHNU07	東山小学校	３便	東山町	11:53			
23204	KHNU00	こうはん線（上り）	KHNU07	東山小学校	４便	東山町	14:03			
23204	KHNU00	こうはん線（上り）	KHNU07	東山小学校	５便	東山町	15:31			
23204	KHNU00	こうはん線（上り）	KHNU07	東山小学校	６便	東山町	16:59			
23204	KHNU00	こうはん線（上り）	KHNU08	東山町	１便	西山町北	8:10			
23204	KHNU00	こうはん線（上り）	KHNU08	東山町	２便	西山町北	10:02			
23204	KHNU00	こうはん線（上り）	KHNU08	東山町	３便	西山町北	11:54			
23204	KHNU00	こうはん線（上り）	KHNU08	東山町	４便	西山町北	14:04			
23204	KHNU00	こうはん線（上り）	KHNU08	東山町	５便	西山町北	15:32			
23204	KHNU00	こうはん線（上り）	KHNU08	東山町	６便	西山町北	17:00			
23204	KHNU00	こうはん線（上り）	KHNU09	西山町北	１便	西山町南	8:11			
23204	KHNU00	こうはん線（上り）	KHNU09	西山町北	２便	西山町南	10:03			
23204	KHNU00	こうはん線（上り）	KHNU09	西山町北	３便	西山町南	11:55			
23204	KHNU00	こうはん線（上り）	KHNU09	西山町北	４便	西山町南	14:05			
23204	KHNU00	こうはん線（上り）	KHNU09	西山町北	５便	西山町南	15:33			
23204	KHNU00	こうはん線（上り）	KHNU09	西山町北	６便	西山町南	17:01			
23204	KHNU00	こうはん線（上り）	KHNU10	西山町南	１便	南山町３丁目	8:12			
23204	KHNU00	こうはん線（上り）	KHNU10	西山町南	２便	南山町３丁目	10:04			
23204	KHNU00	こうはん線（上り）	KHNU10	西山町南	３便	南山町３丁目	11:56			
23204	KHNU00	こうはん線（上り）	KHNU10	西山町南	４便	南山町３丁目	14:06			
23204	KHNU00	こうはん線（上り）	KHNU10	西山町南	５便	南山町３丁目	15:34			
23204	KHNU00	こうはん線（上り）	KHNU10	西山町南	６便	南山町３丁目	17:02			
23204	KHNU00	こうはん線（上り）	KHNU11	南山町３丁目	１便	西山町１丁目	8:13			
23204	KHNU00	こうはん線（上り）	KHNU11	南山町３丁目	２便	西山町１丁目	10:05			
23204	KHNU00	こうはん線（上り）	KHNU11	南山町３丁目	３便	西山町１丁目	11:57			
23204	KHNU00	こうはん線（上り）	KHNU11	南山町３丁目	４便	西山町１丁目	14:07			
23204	KHNU00	こうはん線（上り）	KHNU11	南山町３丁目	５便	西山町１丁目	15:35			
23204	KHNU00	こうはん線（上り）	KHNU11	南山町３丁目	６便	西山町１丁目	17:03			
23204	KHNU00	こうはん線（上り）	KHNU12	西山町１丁目	１便	井上病院	8:15			
23204	KHNU00	こうはん線（上り）	KHNU12	西山町１丁目	２便	井上病院	10:07			
23204	KHNU00	こうはん線（上り）	KHNU12	西山町１丁目	３便	井上病院	11:59			
23204	KHNU00	こうはん線（上り）	KHNU12	西山町１丁目	４便	井上病院	14:09			
23204	KHNU00	こうはん線（上り）	KHNU12	西山町１丁目	５便	井上病院	15:37			
23204	KHNU00	こうはん線（上り）	KHNU12	西山町１丁目	６便	井上病院	17:05			
23204	KHNU00	こうはん線（上り）	KHNU13	井上病院	１便	平町	8:17			
23204	KHNU00	こうはん線（上り）	KHNU13	井上病院	２便	平町	10:09			
23204	KHNU00	こうはん線（上り）	KHNU13	井上病院	３便	平町	12:01			
23204	KHNU00	こうはん線（上り）	KHNU13	井上病院	４便	平町	14:11			
23204	KHNU00	こうはん線（上り）	KHNU13	井上病院	５便	平町	15:39			
23204	KHNU00	こうはん線（上り）	KHNU13	井上病院	６便	平町	17:07			
23204	KHNU00	こうはん線（上り）	KHNU14	平町	１便	共栄橋	8:18			
23204	KHNU00	こうはん線（上り）	KHNU14	平町	２便	共栄橋	10:10			
23204	KHNU00	こうはん線（上り）	KHNU14	平町	３便	共栄橋	12:02			
23204	KHNU00	こうはん線（上り）	KHNU14	平町	４便	共栄橋	14:12			
23204	KHNU00	こうはん線（上り）	KHNU14	平町	５便	共栄橋	15:40			
23204	KHNU00	こうはん線（上り）	KHNU14	平町	６便	共栄橋	17:08			
23204	KHNU00	こうはん線（上り）	KHNU15	共栄橋	１便	共栄通	8:19			
23204	KHNU00	こうはん線（上り）	KHNU15	共栄橋	２便	共栄通	10:11			
23204	KHNU00	こうはん線（上り）	KHNU15	共栄橋	３便	共栄通	12:03			
23204	KHNU00	こうはん線（上り）	KHNU15	共栄橋	４便	共栄通	14:13			
23204	KHNU00	こうはん線（上り）	KHNU15	共栄橋	５便	共栄通	15:41			
23204	KHNU00	こうはん線（上り）	KHNU15	共栄橋	６便	共栄通	17:09			
23204	KHNU00	こうはん線（上り）	KHNU16	共栄通	１便	やすらぎ会館	8:20			
23204	KHNU00	こうはん線（上り）	KHNU16	共栄通	２便	やすらぎ会館	10:12			
23204	KHNU00	こうはん線（上り）	KHNU16	共栄通	３便	やすらぎ会館	12:04			
23204	KHNU00	こうはん線（上り）	KHNU16	共栄通	４便	やすらぎ会館	14:14			
23204	KHNU00	こうはん線（上り）	KHNU16	共栄通	５便	やすらぎ会館	15:42			
23204	KHNU00	こうはん線（上り）	KHNU16	共栄通	６便	やすらぎ会館	17:10			
23204	KHNU00	こうはん線（上り）	KHNU17	やすらぎ会館	１便	水野駅	8:23			
23204	KHNU00	こうはん線（上り）	KHNU17	やすらぎ会館	２便	水野駅	10:15			
23204	KHNU00	こうはん線（上り）	KHNU17	やすらぎ会館	３便	水野駅	12:07			
23204	KHNU00	こうはん線（上り）	KHNU17	やすらぎ会館	４便	水野駅	14:17			
23204	KHNU00	こうはん線（上り）	KHNU17	やすらぎ会館	５便	水野駅	15:45			
23204	KHNU00	こうはん線（上り）	KHNU17	やすらぎ会館	６便	水野駅	17:13			
23204	KHNU00	こうはん線（上り）	KHNU18	水野駅	１便	效範公民館前	8:25			
23204	KHNU00	こうはん線（上り）	KHNU18	水野駅	２便	效範公民館前	10:17			
23204	KHNU00	こうはん線（上り）	KHNU18	水野駅	３便	效範公民館前	12:09			
23204	KHNU00	こうはん線（上り）	KHNU18	水野駅	４便	效範公民館前	14:19			
23204	KHNU00	こうはん線（上り）	KHNU18	水野駅	５便	效範公民館前	15:47			
23204	KHNU00	こうはん線（上り）	KHNU18	水野駅	６便	效範公民館前	17:15			
23204	KHNU00	こうはん線（上り）	KHNU19	效範公民館前	１便	水南町	8:26			
23204	KHNU00	こうはん線（上り）	KHNU19	效範公民館前	２便	水南町	10:18			
23204	KHNU00	こうはん線（上り）	KHNU19	效範公民館前	３便	水南町	12:10			
23204	KHNU00	こうはん線（上り）	KHNU19	效範公民館前	４便	水南町	14:20			
23204	KHNU00	こうはん線（上り）	KHNU19	效範公民館前	５便	水南町	15:48			
23204	KHNU00	こうはん線（上り）	KHNU19	效範公民館前	６便	水南町	17:16			
23204	KHNU00	こうはん線（上り）	KHNU20	水南町	１便	新瀬戸駅	8:27			
23204	KHNU00	こうはん線（上り）	KHNU20	水南町	２便	新瀬戸駅	10:19			
23204	KHNU00	こうはん線（上り）	KHNU20	水南町	３便	新瀬戸駅	12:11			
23204	KHNU00	こうはん線（上り）	KHNU20	水南町	４便	新瀬戸駅	14:21			
23204	KHNU00	こうはん線（上り）	KHNU20	水南町	５便	新瀬戸駅	15:49			
23204	KHNU00	こうはん線（上り）	KHNU20	水南町	６便	新瀬戸駅	17:17			
23204	KHNU00	こうはん線（上り）	KHNU21	新瀬戸駅	１便	図書館	8:29			
23204	KHNU00	こうはん線（上り）	KHNU21	新瀬戸駅	２便	図書館	10:21			
23204	KHNU00	こうはん線（上り）	KHNU21	新瀬戸駅	３便	図書館	12:13			
23204	KHNU00	こうはん線（上り）	KHNU21	新瀬戸駅	４便	図書館	14:23			
23204	KHNU00	こうはん線（上り）	KHNU21	新瀬戸駅	５便	図書館	15:51			
23204	KHNU00	こうはん線（上り）	KHNU21	新瀬戸駅	６便	図書館	17:19			
23204	KHNU00	こうはん線（上り）	KHNU22	図書館	１便	陶生病院	8:32			
23204	KHNU00	こうはん線（上り）	KHNU22	図書館	２便	陶生病院	10:24			
23204	KHNU00	こうはん線（上り）	KHNU22	図書館	３便	陶生病院	12:16			
23204	KHNU00	こうはん線（上り）	KHNU22	図書館	４便	陶生病院	14:26			
23204	KHNU00	こうはん線（上り）	KHNU22	図書館	５便	陶生病院	15:54			
23204	KHNU00	こうはん線（上り）	KHNU22	図書館	６便	陶生病院	17:22			
23204	KHND00	こうはん線（下り）	KHND01	陶生病院　	１便	図書館	9:05			KHND00
23204	KHND00	こうはん線（下り）	KHND01	陶生病院　	２便	図書館	10:57			
23204	KHND00	こうはん線（下り）	KHND01	陶生病院　	３便	図書館	13:14			
23204	KHND00	こうはん線（下り）	KHND01	陶生病院　	４便	図書館	14:42			
23204	KHND00	こうはん線（下り）	KHND01	陶生病院　	５便	図書館	16:10			
23204	KHND00	こうはん線（下り）	KHND01	陶生病院　	６便	図書館	17:38			
23204	KHND00	こうはん線（下り）	KHND02	図書館	１便	新瀬戸駅	9:08			
23204	KHND00	こうはん線（下り）	KHND02	図書館	２便	新瀬戸駅	11:00			
23204	KHND00	こうはん線（下り）	KHND02	図書館	３便	新瀬戸駅	13:15			
23204	KHND00	こうはん線（下り）	KHND02	図書館	４便	新瀬戸駅	14:43			
23204	KHND00	こうはん線（下り）	KHND02	図書館	５便	新瀬戸駅	16:11			
23204	KHND00	こうはん線（下り）	KHND02	図書館	６便	新瀬戸駅	17:39			
23204	KHND00	こうはん線（下り）	KHND03	新瀬戸駅	１便	水南町	9:11			
23204	KHND00	こうはん線（下り）	KHND03	新瀬戸駅	２便	水南町	11:03			
23204	KHND00	こうはん線（下り）	KHND03	新瀬戸駅	３便	水南町	13:18			
23204	KHND00	こうはん線（下り）	KHND03	新瀬戸駅	４便	水南町	14:46			
23204	KHND00	こうはん線（下り）	KHND03	新瀬戸駅	５便	水南町	16:14			
23204	KHND00	こうはん線（下り）	KHND03	新瀬戸駅	６便	水南町	17:42			
23204	KHND00	こうはん線（下り）	KHND04	水南町	１便	效範公民館前	9:13			
23204	KHND00	こうはん線（下り）	KHND04	水南町	２便	效範公民館前	11:05			
23204	KHND00	こうはん線（下り）	KHND04	水南町	３便	效範公民館前	13:20			
23204	KHND00	こうはん線（下り）	KHND04	水南町	４便	效範公民館前	14:48			
23204	KHND00	こうはん線（下り）	KHND04	水南町	５便	效範公民館前	16:16			
23204	KHND00	こうはん線（下り）	KHND04	水南町	６便	效範公民館前	17:44			
23204	KHND00	こうはん線（下り）	KHND05	效範公民館前	１便	水野駅	9:14			
23204	KHND00	こうはん線（下り）	KHND05	效範公民館前	２便	水野駅	11:06			
23204	KHND00	こうはん線（下り）	KHND05	效範公民館前	３便	水野駅	13:21			
23204	KHND00	こうはん線（下り）	KHND05	效範公民館前	４便	水野駅	14:49			
23204	KHND00	こうはん線（下り）	KHND05	效範公民館前	５便	水野駅	16:17			
23204	KHND00	こうはん線（下り）	KHND05	效範公民館前	６便	水野駅	17:45			
23204	KHND00	こうはん線（下り）	KHND06	水野駅	１便	やすらぎ会館	9:15			
23204	KHND00	こうはん線（下り）	KHND06	水野駅	２便	やすらぎ会館	11:07			
23204	KHND00	こうはん線（下り）	KHND06	水野駅	３便	やすらぎ会館	13:22			
23204	KHND00	こうはん線（下り）	KHND06	水野駅	４便	やすらぎ会館	14:50			
23204	KHND00	こうはん線（下り）	KHND06	水野駅	５便	やすらぎ会館	16:18			
23204	KHND00	こうはん線（下り）	KHND06	水野駅	６便	やすらぎ会館	17:46			
23204	KHND00	こうはん線（下り）	KHND07	やすらぎ会館	１便	共栄通	9:20			
23204	KHND00	こうはん線（下り）	KHND07	やすらぎ会館	２便	共栄通	11:12			
23204	KHND00	こうはん線（下り）	KHND07	やすらぎ会館	３便	共栄通	13:27			
23204	KHND00	こうはん線（下り）	KHND07	やすらぎ会館	４便	共栄通	14:55			
23204	KHND00	こうはん線（下り）	KHND07	やすらぎ会館	５便	共栄通	16:23			
23204	KHND00	こうはん線（下り）	KHND07	やすらぎ会館	６便	共栄通	17:51			
23204	KHND00	こうはん線（下り）	KHND08	共栄通	１便	共栄橋	9:22			
23204	KHND00	こうはん線（下り）	KHND08	共栄通	２便	共栄橋	11:14			
23204	KHND00	こうはん線（下り）	KHND08	共栄通	３便	共栄橋	13:29			
23204	KHND00	こうはん線（下り）	KHND08	共栄通	４便	共栄橋	14:57			
23204	KHND00	こうはん線（下り）	KHND08	共栄通	５便	共栄橋	16:25			
23204	KHND00	こうはん線（下り）	KHND08	共栄通	６便	共栄橋	17:53			
23204	KHND00	こうはん線（下り）	KHND09	共栄橋	１便	平町	9:23			
23204	KHND00	こうはん線（下り）	KHND09	共栄橋	２便	平町	11:15			
23204	KHND00	こうはん線（下り）	KHND09	共栄橋	３便	平町	13:30			
23204	KHND00	こうはん線（下り）	KHND09	共栄橋	４便	平町	14:58			
23204	KHND00	こうはん線（下り）	KHND09	共栄橋	５便	平町	16:26			
23204	KHND00	こうはん線（下り）	KHND09	共栄橋	６便	平町	17:54			
23204	KHND00	こうはん線（下り）	KHND10	平町	１便	井上病院	9:25			
23204	KHND00	こうはん線（下り）	KHND10	平町	２便	井上病院	11:17			
23204	KHND00	こうはん線（下り）	KHND10	平町	３便	井上病院	13:32			
23204	KHND00	こうはん線（下り）	KHND10	平町	４便	井上病院	15:00			
23204	KHND00	こうはん線（下り）	KHND10	平町	５便	井上病院	16:28			
23204	KHND00	こうはん線（下り）	KHND10	平町	６便	井上病院	17:56			
23204	KHND00	こうはん線（下り）	KHND11	井上病院	１便	西山町１丁目	9:26			
23204	KHND00	こうはん線（下り）	KHND11	井上病院	２便	西山町１丁目	11:18			
23204	KHND00	こうはん線（下り）	KHND11	井上病院	３便	西山町１丁目	13:33			
23204	KHND00	こうはん線（下り）	KHND11	井上病院	４便	西山町１丁目	15:01			
23204	KHND00	こうはん線（下り）	KHND11	井上病院	５便	西山町１丁目	16:29			
23204	KHND00	こうはん線（下り）	KHND11	井上病院	６便	西山町１丁目	17:57			
23204	KHND00	こうはん線（下り）	KHND12	西山町１丁目	１便	南山町３丁目	9:28			
23204	KHND00	こうはん線（下り）	KHND12	西山町１丁目	２便	南山町３丁目	11:20			
23204	KHND00	こうはん線（下り）	KHND12	西山町１丁目	３便	南山町３丁目	13:35			
23204	KHND00	こうはん線（下り）	KHND12	西山町１丁目	４便	南山町３丁目	15:03			
23204	KHND00	こうはん線（下り）	KHND12	西山町１丁目	５便	南山町３丁目	16:31			
23204	KHND00	こうはん線（下り）	KHND12	西山町１丁目	６便	南山町３丁目	17:59			
23204	KHND00	こうはん線（下り）	KHND13	南山町３丁目	１便	西山町南	9:30			
23204	KHND00	こうはん線（下り）	KHND13	南山町３丁目	２便	西山町南	11:22			
23204	KHND00	こうはん線（下り）	KHND13	南山町３丁目	３便	西山町南	13:37			
23204	KHND00	こうはん線（下り）	KHND13	南山町３丁目	４便	西山町南	15:05			
23204	KHND00	こうはん線（下り）	KHND13	南山町３丁目	５便	西山町南	16:33			
23204	KHND00	こうはん線（下り）	KHND13	南山町３丁目	６便	西山町南	18:01			
23204	KHND00	こうはん線（下り）	KHND14	西山町南	１便	西山町北	9:31			
23204	KHND00	こうはん線（下り）	KHND14	西山町南	２便	西山町北	11:23			
23204	KHND00	こうはん線（下り）	KHND14	西山町南	３便	西山町北	13:38			
23204	KHND00	こうはん線（下り）	KHND14	西山町南	４便	西山町北	15:06			
23204	KHND00	こうはん線（下り）	KHND14	西山町南	５便	西山町北	16:34			
23204	KHND00	こうはん線（下り）	KHND14	西山町南	６便	西山町北	18:02			
23204	KHND00	こうはん線（下り）	KHND15	西山町北	１便	東山町	9:32			
23204	KHND00	こうはん線（下り）	KHND15	西山町北	２便	東山町	11:24			
23204	KHND00	こうはん線（下り）	KHND15	西山町北	３便	東山町	13:39			
23204	KHND00	こうはん線（下り）	KHND15	西山町北	４便	東山町	15:07			
23204	KHND00	こうはん線（下り）	KHND15	西山町北	５便	東山町	16:35			
23204	KHND00	こうはん線（下り）	KHND15	西山町北	６便	東山町	18:03			
23204	KHND00	こうはん線（下り）	KHND16	東山町	１便	東山小学校	9:33			
23204	KHND00	こうはん線（下り）	KHND16	東山町	２便	東山小学校	11:25			
23204	KHND00	こうはん線（下り）	KHND16	東山町	３便	東山小学校	13:40			
23204	KHND00	こうはん線（下り）	KHND16	東山町	４便	東山小学校	15:08			
23204	KHND00	こうはん線（下り）	KHND16	東山町	５便	東山小学校	16:36			
23204	KHND00	こうはん線（下り）	KHND16	東山町	６便	東山小学校	18:04			
23204	KHND00	こうはん線（下り）	KHND17	東山小学校	１便	やまて坂	9:34			
23204	KHND00	こうはん線（下り）	KHND17	東山小学校	２便	やまて坂	11:26			
23204	KHND00	こうはん線（下り）	KHND17	東山小学校	３便	やまて坂	13:41			
23204	KHND00	こうはん線（下り）	KHND17	東山小学校	４便	やまて坂	15:09			
23204	KHND00	こうはん線（下り）	KHND17	東山小学校	５便	やまて坂	16:37			
23204	KHND00	こうはん線（下り）	KHND17	東山小学校	６便	やまて坂	18:05			
23204	KHND00	こうはん線（下り）	KHND18	やまて坂	１便	ひまわり台	9:35			
23204	KHND00	こうはん線（下り）	KHND18	やまて坂	２便	ひまわり台	11:27			
23204	KHND00	こうはん線（下り）	KHND18	やまて坂	３便	ひまわり台	13:42			
23204	KHND00	こうはん線（下り）	KHND18	やまて坂	４便	ひまわり台	15:10			
23204	KHND00	こうはん線（下り）	KHND18	やまて坂	５便	ひまわり台	16:38			
23204	KHND00	こうはん線（下り）	KHND18	やまて坂	６便	ひまわり台	18:06			
23204	KHND00	こうはん線（下り）	KHND19	ひまわり台	１便	さつき台	9:36			
23204	KHND00	こうはん線（下り）	KHND19	ひまわり台	２便	さつき台	11:28			
23204	KHND00	こうはん線（下り）	KHND19	ひまわり台	３便	さつき台	13:43			
23204	KHND00	こうはん線（下り）	KHND19	ひまわり台	４便	さつき台	15:11			
23204	KHND00	こうはん線（下り）	KHND19	ひまわり台	５便	さつき台	16:39			
23204	KHND00	こうはん線（下り）	KHND19	ひまわり台	６便	さつき台	18:07			
23204	KHND00	こうはん線（下り）	KHND20	さつき台	１便	すみれ台	9:37			
23204	KHND00	こうはん線（下り）	KHND20	さつき台	２便	すみれ台	11:29			
23204	KHND00	こうはん線（下り）	KHND20	さつき台	３便	すみれ台	13:44			
23204	KHND00	こうはん線（下り）	KHND20	さつき台	４便	すみれ台	15:12			
23204	KHND00	こうはん線（下り）	KHND20	さつき台	５便	すみれ台	16:40			
23204	KHND00	こうはん線（下り）	KHND20	さつき台	６便	すみれ台	18:08			
23204	KHND00	こうはん線（下り）	KHND21	すみれ台	１便	コミュニティききょう台	9:38			
23204	KHND00	こうはん線（下り）	KHND21	すみれ台	２便	コミュニティききょう台	11:30			
23204	KHND00	こうはん線（下り）	KHND21	すみれ台	３便	コミュニティききょう台	13:45			
23204	KHND00	こうはん線（下り）	KHND21	すみれ台	４便	コミュニティききょう台	15:13			
23204	KHND00	こうはん線（下り）	KHND21	すみれ台	５便	コミュニティききょう台	16:41			
23204	KHND00	こうはん線（下り）	KHND21	すみれ台	６便	コミュニティききょう台	18:09			
23204	KHND00	こうはん線（下り）	KHND22	コミュニティききょう台	１便	イオン瀬戸みずの店	9:39			
23204	KHND00	こうはん線（下り）	KHND22	コミュニティききょう台	２便	イオン瀬戸みずの店	11:31			
23204	KHND00	こうはん線（下り）	KHND22	コミュニティききょう台	３便	イオン瀬戸みずの店	13:46			
23204	KHND00	こうはん線（下り）	KHND22	コミュニティききょう台	４便	イオン瀬戸みずの店	15:14			
23204	KHND00	こうはん線（下り）	KHND22	コミュニティききょう台	５便	イオン瀬戸みずの店	16:42			
23204	KHND00	こうはん線（下り）	KHND22	コミュニティききょう台	６便	イオン瀬戸みずの店	18:10			
